Date,GPR,Inflation_Pct,SP500_Return,Oil_Return,Oil_Price,GPR_12m_Avg,SP500_Index,Roll_Corr_GPR_CPI,Roll_Corr_GPR_SP500,Roll_Corr_GPR_Oil,GPR_Tier,Crisis_Label
1986-02-01,98.75003051757812,3.19849482596426,7.148927885973944,-32.58699926117936,15.454736842105262,,107.14892788597395,,,,Normal,
1986-03-01,98.67667388916016,2.1535580524344455,5.279391778691878,-18.390716523634374,12.6125,,112.80573957574254,,,,Normal,
1986-04-01,148.31385803222656,1.5887850467289688,-1.4148136083619978,1.8325975313091325,12.843636363636364,,111.20974862121153,,,,High,
1986-05-01,117.38924407958984,1.679104477611948,5.022928675463656,19.729480127271735,15.377619047619048,,116.79573497461742,,,,High,
1986-06-01,96.29425048828125,1.7674418604651132,1.4109521521153523,-12.693153314959904,13.425714285714285,,118.44366691082074,,,,Normal,
1986-07-01,94.70178985595703,1.671309192200554,-5.868283142882347,-13.713749540521182,11.584545454545456,,111.49305717168131,,,,Normal,
1986-08-01,103.34593963623047,1.575532900834098,7.119260505765657,30.31729838604198,15.096666666666666,,119.43053835757556,,,,High,
1986-09-01,117.1078872680664,1.757631822386685,-8.54386034765885,-1.5235151247516066,14.866666666666665,,109.22655994784716,,,,High,
1986-10-01,96.79243469238281,1.5668202764977046,5.47293273494327,0.2028128821850883,14.896818181818183,,115.20445610248531,,,,Normal,
1986-11-01,109.77281951904297,1.2844036697247763,2.147719315076868,2.180067995638235,15.22157894736842,,117.67872445802763,,,,High,
1986-12-01,89.75377655029297,1.187214611872145,-2.828827147590973,5.820947375527097,16.107619047619046,,114.34979675362015,,,,Normal,
1987-01-01,96.94281768798828,1.364877161055511,13.176689368870086,15.79258558505292,18.65142857142857,105.65346018473308,129.41731426577897,,,,Normal,
1987-02-01,100.683349609375,1.9143117593436676,3.6923621317010324,-4.83867066563467,17.748947368421053,105.81457010904948,134.19587016959312,,,,High,
1987-03-01,89.60771942138672,2.8414298808432603,2.638986515783981,3.120803521123783,18.302857142857142,105.05882390340169,137.73728108810766,,,,Normal,
1987-04-01,113.39408111572266,3.679852805887762,-1.1450211572491154,2.0449578520137512,18.677142857142858,102.14884249369304,136.16016007822913,,,,High,
1987-05-01,98.65091705322266,3.669724770642202,0.6034196283620119,4.0710570598133655,19.4375,100.58731524149577,136.9817772101503,,,,Normal,
1987-06-01,94.18240356445312,3.7477148080438782,4.791449018971927,3.27038877521193,20.07318181818182,100.41132799784343,143.54518923045637,,,,Normal,
1987-07-01,98.87196350097656,3.926940639269394,4.8223696256938675,6.321828329738111,21.342173913043478,100.75884246826172,150.46746883505065,,,,Normal,
1987-08-01,99.96844482421875,4.2883211678832245,3.4958840151999793,-4.831848603111865,20.310952380952383,100.47738456726074,155.72763702613122,,,,Normal,
1987-09-01,121.16707611083984,4.2727272727272725,-2.41661659057012,-3.844981595667385,19.529999999999998,100.81565030415852,151.9642971136549,,,,High,
1987-10-01,101.05858612060547,4.355716878402904,-21.763041421998008,1.6850532979565402,19.85909090909091,101.17116292317708,118.89224418616206,,,,High,
1987-11-01,96.15348815917969,4.528985507246386,-8.53488653536516,-5.061112382696276,18.854,100.03621864318848,108.74492604552385,,,,Normal,
1987-12-01,109.85638427734375,4.332129963898912,7.286147875354443,-8.377291532059738,17.274545454545457,101.71143595377605,116.66824216414555,,,,High,
1988-01-01,83.20153045654297,4.129263913824044,4.043227059709542,-0.8396484580570629,17.1295,100.56632868448894,121.38540410141374,,,,Normal,
1988-02-01,86.20614624023438,3.9355992844364973,4.181740262854561,-1.948601618761281,16.795714285714286,99.35989507039388,126.46142641795126,,,,Normal,
1988-03-01,110.20651245117188,3.832442067736186,-3.334326201018556,-3.5623550817089678,16.197391304347825,101.0764611562093,122.2447899427157,,,,High,
1988-04-01,119.45051574707031,3.9929015084294583,0.9424743272317793,10.280104149889958,17.8625,101.58116404215495,123.39691570430422,,,,High,
1988-05-01,104.87347412109375,3.9823008849557473,0.3176126477985486,-2.456899293848225,17.423636363636362,102.09971046447754,123.78883991557441,,,,High,
1988-06-01,79.70812225341797,3.96475770925111,4.325601228060116,-5.141917979755806,16.527727272727272,100.89352035522461,129.14345149516387,,,,Normal,
1988-07-01,83.43048095703125,4.130052724077338,-0.5411374721492224,-6.233326916201431,15.497499999999999,99.60673014322917,128.4446078862967,,,,Normal,
1988-08-01,84.05416107177734,4.111986001749779,-3.860010449258666,0.1676287199197768,15.523478260869567,98.28053983052571,123.48663260037631,,,,Normal,
1988-09-01,74.84265899658203,4.184829991281602,3.972933268934309,-6.364705762532363,14.535454545454543,94.4201717376709,128.39267410964334,,,,Normal,
1988-10-01,73.45023345947266,4.260869565217407,2.59644642106176,-5.262844395998423,13.770476190476192,92.11947568257649,131.72632110146867,,,,Normal,
1988-11-01,68.79841613769531,4.246100519930662,-1.8890880706211144,2.6933523631082146,14.141363636363637,89.8398863474528,129.23789488367277,,,,Normal,
1988-12-01,90.39871978759766,4.4117647058823595,1.4687573381001906,15.84725047487414,16.382380952380952,88.21841430664062,131.13608594838294,,,,Normal,
1989-01-01,89.24658966064453,4.482758620689653,7.111479156412925,10.022381769031764,18.024285714285714,88.72216924031575,140.46180136713792,-0.3494736725641248,-0.1320455970886703,0.1294681304959912,Normal,
1989-02-01,91.6185531616211,4.647160068846801,-2.894414843113058,-0.4870412934928958,17.936500000000002,89.17320315043132,136.3962541394635,-0.3558342627102365,-0.12603515421175565,0.15443602603574746,Normal,
1989-03-01,87.73377227783203,4.892703862660941,2.0805961609083434,8.628165523323439,19.48409090909091,87.300474802653,139.23410936671198,-0.3724620220021624,-0.13114238140955373,0.14960910194245228,Normal,
1989-04-01,83.57909393310547,5.034129692832767,5.008993717851862,8.134375364516488,21.069,84.31118965148926,146.20833715799756,-0.3194786511858782,-0.132365047973205,0.15317057538299333,Normal,
1989-05-01,103.82850646972656,5.276595744680845,3.5137494672926595,-4.487739043763039,20.123478260869565,84.22410901387532,151.34573182602415,-0.23370051386759627,-0.16288678211587282,0.05147370568621849,High,
1989-06-01,89.46155548095703,5.1694915254237195,-0.7924554206930945,-0.3628781986313667,20.050454545454546,85.03689511617024,150.1463843701812,-0.2498263120362977,-0.1585659427818454,0.05889492249920731,Normal,
1989-07-01,84.75310516357422,5.063291139240511,8.837025792525587,-1.3417450133915265,19.781428571428574,85.14711380004883,163.4148590835187,-0.28188112727305437,-0.18809970038135299,0.06751507239673558,Normal,
1989-08-01,109.17729187011719,4.621848739495804,1.551671822445666,-6.084507396045602,18.577826086956524,87.24070803324382,165.95052140560696,-0.23437489412827409,-0.20458413233317974,-0.03520471110482884,High,
1989-09-01,85.54584503173828,4.435146443514637,-0.6544368276168888,5.455980047007203,19.591428571428573,88.13264020284016,164.86448007790645,-0.16962865732265683,-0.1271262764839659,-0.032689562021908224,Normal,
1989-10-01,69.52467346191406,4.587155963302747,-2.517545094824758,2.584286793853652,20.097727272727273,87.80551020304362,160.71394244659675,-0.1927929311940237,-0.09079049726140526,-0.04393123714891161,Normal,
1989-11-01,92.8287124633789,4.655029093931851,1.6541324259951473,-1.2032115797806164,19.85590909090909,89.80803489685059,163.3723638817011,-0.11400650197178785,-0.09967982569652457,-0.05134805965227647,Normal,
1989-12-01,112.55352783203125,4.639602319801162,2.1416815142801804,6.265595311677319,21.1,91.65426890055339,166.87127959839802,-0.13293162414369342,-0.09609959690900456,-0.00864833443434704,High,
1990-01-01,81.5440444946289,5.198019801980203,-6.881722621461728,8.356311934510984,22.86318181818182,91.01239013671875,155.3876610015524,-0.16925199868129845,-0.07783406810205203,-0.060025451082602224,Normal,
1990-02-01,77.40721130371094,5.263157894736836,0.8539042758088922,-3.281178552257502,22.113,89.82811164855957,156.7145228829241,-0.19192973008055292,-0.08746925349967423,-0.021557141842069402,Normal,
1990-03-01,67.5919418334961,5.237315875613735,2.4254986404143253,-7.802074468741127,20.387727272727275,88.14962577819824,160.5156315047812,-0.30913830008861004,-0.09853407579515001,0.052515725578704535,Normal,
1990-04-01,81.64384460449219,4.711616571892785,-2.688714062127162,-9.624551312063867,18.4255,87.9883550008138,156.19982514859993,-0.26736401989707054,-0.07438246127296796,0.07265915452640308,Normal,
1990-05-01,86.40711975097656,4.365400161681476,9.198919079889457,-1.2263143222954298,18.199545454545454,86.5365727742513,170.56852066694844,-0.25015149056728797,-0.08669225533173484,0.06522543325324895,Normal,
1990-06-01,79.68110656738281,4.673650282030639,-0.8886365681221697,-8.265631485492108,16.695238095238096,85.72153536478679,169.05278641859692,-0.2558967817468617,-0.08528609141361768,0.08871217111661413,Normal,
1990-07-01,85.78742980957031,4.819277108433728,-0.5223158411739148,10.535056785769846,18.454090909090908,85.80772908528645,168.1697969351867,-0.2446611191324862,-0.09799063331919597,0.05327480719468488,Normal,
1990-08-01,250.45108032226562,5.702811244979911,-9.431418479162911,47.97473058342625,27.307391304347828,97.58054478963216,152.30899963067074,0.2810454172091586,-0.30260921241949085,0.7138405293935882,Very High,Gulf War
1990-09-01,188.66053771972656,6.169871794871806,-5.1184306456431905,22.704873660579228,33.5075,106.17343584696452,144.51316911750192,0.4678649990516645,-0.3295648813185629,0.7698181604123248,High,
1990-10-01,143.85256958007812,6.379585326953752,-0.6698212301042394,7.556711832847296,36.039565217391306,112.36742719014485,143.54518923045646,0.5127830508155027,-0.41180679913773566,0.7664588872562531,High,
1990-11-01,158.74354553222656,6.195393169181873,5.993421454178649,-10.286729231488023,32.33227272727272,117.86032994588216,152.14845739823596,0.563178046437244,-0.35894150731387947,0.6712887938649594,High,
1990-12-01,153.1624298095703,6.254948535233562,2.482775733875209,-15.623005440665805,27.281,121.24440511067708,155.92596237798483,0.6052250120672765,-0.35643690492948377,0.5800127137465042,High,
1991-01-01,379.2497863769531,5.647058823529405,4.15177499981747,-7.503057405920199,25.23409090909091,146.0532169342041,162.39965750221882,0.5271152154037626,-0.10940496687371722,0.2502370753686728,Very High,
1991-02-01,339.3580322265625,5.312500000000009,6.728117681278034,-18.849860398090613,20.4775,167.8824520111084,173.32609757296055,0.5014568212186173,0.046360046666526294,0.04140637089188273,Very High,
1991-03-01,148.61831665039062,4.821150855365497,2.2202832522042026,-2.812843364668538,19.9015,174.63464991251627,177.17442788907212,0.5120495148999599,0.04812764255567946,0.03593800099375447,High,
1991-04-01,97.760009765625,4.809930178432875,0.03197993624997064,4.665477476572111,20.83,175.977663675944,177.2310881581623,0.5275508739115655,0.05005149013594703,0.032924099163006496,Normal,
1991-05-01,88.56902313232422,5.034856700232382,3.8604972493607503,1.9312180858028327,21.23227272727273,176.1578222910563,184.07308944152027,0.5337132246624101,0.041544636405777415,0.030776377955855125,Normal,
1991-06-01,87.73383331298828,4.695919938414161,-4.789262897479862,-4.913617777397194,20.189,176.8288828531901,175.25734526465263,0.5336229903013195,0.06781281785115098,0.028873263831066014,Normal,
1991-07-01,115.18467712402344,4.367816091954024,4.485934295776639,6.01339084779271,21.40304347826087,179.27865346272787,183.11927462174737,0.5246026663802497,0.062261960691430855,0.02028399428351921,High,
1991-08-01,113.49502563476562,3.7993920972644313,1.9648784624321625,1.3577175866163582,21.69363636363636,167.8656489054362,186.71734580935205,0.4985853670050573,0.04719631927053721,0.018826667201499586,High,
1991-09-01,117.94219207763672,3.396226415094339,-1.9143735843086374,0.8890332313623794,21.8865,161.97245343526205,183.14287826385564,0.45095222988071865,0.059428785676360306,0.006886199131204956,High,
1991-10-01,100.8318099975586,2.8485757121439192,1.1834236654519215,6.142460261884675,23.23086956521739,158.38739013671875,185.31023442681987,0.41010194748868367,0.06657639167542603,-0.007406209688052918,High,
1991-11-01,100.7423324584961,3.0665669409125185,-4.390370862630699,-3.3141987307172216,22.46095238095238,153.55395571390787,177.17442788907215,0.3864820351491364,0.06156816938455718,-0.0024890659513004455,High,
1991-12-01,103.96953582763672,2.980625931445613,11.15878550742815,-13.191146540027132,19.49809523809524,149.45454788208008,196.94494227122667,0.3701966017371899,0.04302664556036557,0.02167027757700011,High,
1992-01-01,102.95763397216797,2.672605790645899,-1.9923751783923582,-3.6549246679662417,18.785454545454545,126.43020184834798,193.02106012631558,0.35522157032695306,0.06678023787789521,0.03522960171253253,High,
1992-02-01,87.2034683227539,2.8189910979228294,0.958954312696414,1.2086236933797956,19.0125,105.4173215230306,194.8720439068092,0.3612468478999483,0.05685512740791481,0.03332965352811885,Normal,
1992-03-01,85.29731750488281,3.189910979228472,-2.183186212532784,-0.476958938497396,18.921818181818182,100.14057159423828,190.61762431215493,0.374455093476171,0.07038118733739562,0.044593528115747245,Normal,
1992-04-01,85.85562133789062,3.1828275351591495,2.7892713957560433,6.913615835495346,20.23,99.14853922526042,195.9344671823636,0.39108399449231346,0.0793023007174721,0.04688779797672669,Normal,
1992-05-01,78.96814727783203,3.0235988200590036,0.09639568254424802,3.6851211072664425,20.9755,98.34846623738606,196.12333954934346,0.40945567583509757,0.08654877214200876,0.038978030304851786,Normal,
1992-06-01,93.84909057617188,3.0147058823529305,-1.7358833150663777,6.717577433412569,22.384545454545453,98.85807100931804,192.71886722115542,0.42330933424482475,0.08805883716492373,0.0319034426147051,Normal,
1992-07-01,75.19676971435547,3.1571218795888534,3.9373686063305824,-2.722092635199669,21.77521739130435,95.5257453918457,200.30691939759708,0.44555408514341915,0.10574713228492795,0.03479632702009974,Normal,
1992-08-01,81.64519500732422,3.0746705710102518,-2.399753160189122,-2.0030558796207854,21.33904761904762,92.87159283955891,195.50004776927577,0.45434982629331594,0.11670184927673213,0.03611684691478016,Normal,
1992-09-01,74.6097183227539,2.9927007299270114,0.9105593857418715,2.5414255921709206,21.881363636363634,89.26055335998535,197.28019180336875,0.46645228223055574,0.11106891995205505,0.038989880747690685,Normal,
1992-10-01,68.18277740478516,3.279883381924198,0.2106282691536565,-0.8932466399385164,21.68590909090909,86.5398006439209,197.6957196567472,0.4843317634499644,0.09878132248303093,0.045251847160302464,Normal,
1992-11-01,91.00899505615234,3.1204644412191396,3.026180770368403,-6.213293089354199,20.3385,85.72868919372559,203.6783495088411,0.4925991264115907,0.09448616916566599,0.05016752820165665,Normal,
1992-12-01,83.42096710205078,2.966714905933454,1.0107766987062838,-4.545119310219981,19.41409090909091,84.01630846659343,205.737082805986,0.49966686865805515,0.09405555461068987,0.05760355074983811,Normal,
1993-01-01,128.91807556152344,3.2537960954446943,0.7045987892006611,-1.9681112593945338,19.032,86.17967859903972,207.18670380037372,0.5114899933259551,0.06996240653843543,0.06842623653037988,High,
1993-02-01,90.46806335449219,3.2467532467532534,1.0483627595407663,5.538625005838127,20.086111111111112,86.4517281850179,209.35877204573688,0.5404857764076243,0.06953235576902657,0.05755522732990445,Normal,
1993-03-01,94.24144744873047,3.0194104960460155,1.8697299051888772,1.175253888751926,20.32217391304348,87.1970723470052,213.27321561581223,0.5755128897822335,0.07580058209417603,0.04179818428928511,Normal,
1993-04-01,112.72166442871094,3.1563845050215145,-2.541681016015662,-0.34284675124622854,20.2525,89.43590927124023,207.85249078225897,0.5880499834544234,0.06461004386974062,0.02771818300300064,High,
1993-05-01,110.72975158691406,3.2211882605583497,2.271746278774489,-1.4961115911615863,19.9495,92.0827096303304,212.57437200694503,0.5948110251466346,0.1005450898191018,0.02608897311914917,High,
1993-06-01,104.19525146484375,2.9978586723768963,0.07552285391652092,-4.287872332184229,19.09409090909091,92.9448897043864,212.73491423937978,0.6118326793026873,0.09490605840826499,0.015212810713452825,High,
1993-07-01,123.31478881835938,2.8469750889679624,-0.532704570835929,-6.306091841835881,17.89,96.95472462972005,211.60166562746272,0.6246331807212798,0.09013130857212366,0.029516235871720708,High,
1993-08-01,97.2416763305664,2.840909090909083,3.4431956145887233,0.6758473499669737,18.01090909090909,98.2544314066569,218.8875248987442,0.5935779531155656,0.2741760864725897,-0.32451384224837104,Normal,
1993-09-01,89.16477966308594,2.7639971651311157,-0.9987930164805148,-2.8128695451530072,17.504285714285714,99.4673531850179,216.70129158610848,0.5780760863340083,0.3619489056473821,-0.5106464325523402,Normal,
1993-10-01,106.16590881347656,2.752293577981657,1.9392922751884534,3.7079354715851887,18.153333333333332,102.63261413574219,220.9037629940715,0.6003728573589644,0.37064772061506956,-0.5454390818641384,High,
1993-11-01,83.48017883300781,2.7445460942997935,-1.291062608362914,-8.506898903520277,16.60904761904762,102.00521278381348,218.0517571095884,0.6178704508252906,0.361643914020118,-0.5088367291952163,Normal,
1993-12-01,79.55179595947266,2.8109627547435068,1.0091174724184304,-12.60930645947418,14.514761904761905,101.6827818552653,220.25215548949663,0.6598996755723733,0.3549592958981431,-0.45365271716824784,Normal,
1994-01-01,83.48997497558594,2.450980392156854,3.2500745519977725,3.5267871788983385,15.026666666666667,97.89710680643718,227.41051474528734,0.5288471406288614,0.3220617582975702,-0.48671314199072446,Normal,
1994-02-01,117.2420654296875,2.515723270440251,-3.004499728667853,-1.6345210853219827,14.78105263157895,100.12827364603679,220.577966446803,0.24861526654318,0.02080206956594405,-0.02766293572957851,High,
1994-03-01,93.47403717041016,2.6517794836008246,-4.574651060635082,-0.6777803236254099,14.680869565217392,100.06432278951009,210.48729416521704,0.05614524431842347,-0.01891784355065916,0.0094984941414325,Normal,
1994-04-01,95.35697174072266,2.364394993045882,1.1530643100964522,11.846235858555932,16.419999999999998,98.61726506551106,212.91434803152387,0.05110345428481564,-0.018441778611216684,0.0031829737272686272,Normal,
1994-05-01,104.46678924560547,2.288488210818307,1.2397144202814125,8.946696827330225,17.88904761904762,98.09535153706868,215.5538779069188,0.09162344501068104,0.0008866638753407823,0.036901736500258984,High,
1994-06-01,120.35224151611328,2.494802494802495,-2.679082362832008,6.545638459286063,19.06,99.44176737467448,209.77901198151412,0.12102893614475924,-0.07720667527078469,0.07455910138830496,High,
1994-07-01,99.6402359008789,2.69896193771626,3.1489907258900107,3.119097586568742,19.654500000000002,97.46888796488444,216.3849336136757,-0.007812246732717487,-0.1229704453548113,0.04170583741054952,Normal,
1994-08-01,98.2270278930664,2.900552486187835,3.7598699649926237,-6.466823064084237,18.383478260869566,97.55100059509277,224.52072574138552,-0.1151955054919718,-0.13589937163753343,0.028713179639457718,Normal,
1994-09-01,98.89848327636719,2.965517241379323,-2.6877534841474704,-5.101123747356196,17.445714285714285,98.36214256286621,218.48616211263825,-0.2062171832625909,-0.10914622794387721,0.014537278501348363,Normal,
1994-10-01,94.85363006591797,2.609890109890123,2.0833815622011143,1.5503875968992276,17.716190476190476,97.41945266723633,223.0380625300538,-0.1997256892750404,-0.11204944456990479,0.001665306407159604,Normal,
1994-11-01,86.5298080444336,2.602739726027403,-3.950461187888721,1.9942748091603013,18.069499999999998,97.67358843485515,214.22703043558502,-0.1857896676924219,-0.06721442747222174,-0.0008917659460321118,Normal,
1994-12-01,96.04750061035156,2.597402597402576,1.2299117331743048,-5.035978806697394,17.15952380952381,99.04823048909505,216.86183381854315,-0.19357414049662106,-0.16795617172943794,0.04192236679896762,Normal,
1995-01-01,80.15467834472656,2.8708133971291794,2.4277711761677034,5.128347439988867,18.039523809523807,98.77028910319011,222.12674291209845,-0.18074439410713627,-0.17572720735531727,0.02365402958863294,Normal,
1995-02-01,76.87532806396484,2.862985685071595,3.607414807259257,2.9406330016102267,18.57,95.40639432271321,230.1397759267922,-0.17908352657829063,-0.21046122331927178,0.007459135257621129,Normal,
1995-03-01,82.24444580078125,2.7872195785180187,2.732919511338072,-0.16623352298004157,18.539130434782606,94.47059504191081,236.42931076644524,-0.15416210654771162,-0.2517582297430586,0.006697429892892845,Normal,
1995-04-01,99.19087982177734,3.125000000000022,2.796035780491146,7.3206527105756924,19.896315789473682,94.7900873819987,243.03995889104363,-0.12614420244451846,-0.22851245453654662,0.04145608423597757,Normal,
1995-05-01,87.842529296875,3.1186440677966054,3.631171269946476,-0.776513648507926,19.741818181818182,93.40473238627116,251.86515605278493,-0.12088385827162536,-0.2500500595437879,0.065790571857095,Normal,
1995-06-01,104.60775756835938,3.0425963488843744,2.1278543431649366,-6.564284398600117,18.44590909090909,92.09269205729167,257.2244797147733,-0.10591503546886182,-0.24183384038966724,0.04388855317422616,High,
1995-07-01,107.64541625976562,2.8301886792452713,3.177603957520647,-6.074024789926325,17.325499999999998,92.75979042053223,265.39805496190183,-0.06709932085392188,-0.1707568986966464,0.00017865876718881757,High,
1995-08-01,106.93478393554688,2.6174496644295386,-0.03202374774278205,4.013561312616631,18.020869565217392,93.4854367574056,265.31306455826655,-0.06211886904914503,-0.2257730184681758,0.009731356502402248,High,
1995-09-01,71.20516967773438,2.54521098459477,4.009747288732535,1.1355192047867169,18.2255,91.1776606241862,275.95144797104484,0.02053619777066249,-0.28369438319308493,0.01928530615891869,Normal,
1995-10-01,67.74150085449219,2.7443105756358666,-0.49793351897702287,-4.347305598300089,17.43318181818182,88.91831652323405,274.57739321549457,0.1403773959679755,-0.2647582634165121,0.05605659884504137,Normal,
1995-11-01,76.33349609375,2.603471295060067,4.104900278106194,3.2083539749172107,17.9925,88.06862386067708,285.8485213932142,0.1827539222819181,-0.2964865351573933,0.018406735521058076,Normal,
1995-12-01,65.67205810546875,2.5316455696202667,1.744387340596476,5.746838960678069,19.026500000000002,85.53733698527019,290.8348268136796,0.24644730804958878,-0.29973890891696325,-0.06253114076572738,Normal,
1996-01-01,75.63492584228516,2.7906976744185963,3.2617386869231213,-0.9037634113186699,18.854545454545455,85.16069094340007,300.32109887490725,0.14143487412173517,-0.33688616453435233,-0.03290512628345505,Normal,
1996-02-01,80.4209213256836,2.717031146454607,0.6933701784703983,1.2673577627772215,19.0935,85.45615704854329,302.40343581416045,0.16811291897860037,-0.3292132458186899,-0.03227623902113016,Normal,
1996-03-01,82.14761352539062,2.8439153439153486,0.7916567590839696,11.725880285861434,21.33238095238095,85.44808769226074,304.7974330534854,0.15982514220281546,-0.3252570948136352,-0.07536212015129205,Normal,
1996-04-01,84.82862091064453,2.832674571805005,1.343142201418468,10.147774454216707,23.497142857142858,84.25123278299968,308.89129600566696,0.09179166242922149,-0.2855301671137515,-0.09521630344890859,Normal,
1996-05-01,65.53082275390625,2.827087442472065,2.2853405991703157,-9.923284400424492,21.165454545454544,82.39192390441895,315.95051420058786,-0.011923731781900258,-0.32125959643702307,0.008729952880978782,Normal,
1996-06-01,69.08858489990234,2.8215223097112663,0.22567099722681228,-3.505497809466529,20.4235,79.43199284871419,316.66352287672754,-0.06443795282898157,-0.28854802683586805,0.053887967159997704,Normal,
1996-07-01,80.64431762695312,2.8833551769331667,-4.57480167192077,4.302752844873425,21.302272727272726,77.18190129597981,302.1767947377998,-0.12252292689377488,-0.20386728302497492,0.12397873398358313,Normal,
1996-08-01,81.6876449584961,2.8122956180510084,1.881393514756069,2.820868451936409,21.903181818181817,75.07797304789226,307.86192935709454,-0.13813412043502368,-0.22802996000097717,0.11875166035531454,Normal,
1996-09-01,88.19697570800781,3.0045721750489918,5.420332732833044,9.443003299645136,23.9715,76.49395688374837,324.54907028596847,-0.13597064652736898,-0.22164326551408556,0.11521301254724876,Normal,
1996-10-01,55.586830139160156,3.0618892508143203,2.610100242291802,3.7862896972763904,24.87913043478261,75.4810676574707,333.02012635585834,-0.22262415635957133,-0.2554792920219958,0.06701931792320544,Normal,
1996-11-01,57.34461212158203,3.2530904359141077,7.337615178140577,-4.719338715878507,23.705000000000002,73.89866065979004,357.45586169360877,-0.3166653985453445,-0.3525411709651834,0.10745429407252753,Normal,
1996-12-01,74.98263549804688,3.378817413905133,-2.1505414489508046,6.427215475939363,25.228571428571428,74.67454210917155,349.7686252261834,-0.33575211145226896,-0.3184086884045047,0.06472181948117402,Normal,
1997-01-01,54.062435150146484,3.0381383322559907,6.131703905412889,-0.38350664058478534,25.13181818181818,72.87683455149333,371.2154016790863,-0.38482768766521974,-0.37839750707533176,0.08264774916345537,Normal,
1997-02-01,50.559940338134766,3.0322580645161246,0.5927590234654057,-11.760002284604598,22.176315789473687,70.38841946919759,373.4158144690324,-0.3748724538123453,-0.2829878325027619,0.23390656356236145,Normal,
1997-03-01,58.48006057739258,2.7652733118971096,-4.261401064074876,-5.462204817847405,20.965,68.41612339019775,357.5030689778252,-0.3482792727963558,-0.1553942341745709,0.27525460681897324,Normal,
1997-04-01,62.844486236572266,2.434336963484962,5.840557906734034,-6.055547123994531,19.695454545454545,66.5841121673584,378.38324273982636,-0.25676145498757275,-0.19318442321973683,0.2785320001833848,Normal,
1997-05-01,53.57601547241211,2.237851662404089,5.857688480332501,5.70483443781391,20.81904761904762,65.58787822723389,400.54775436130575,-0.05730050839299795,-0.24265443271370762,0.18689413647599176,Normal,
1997-06-01,39.045623779296875,2.233567326100827,4.345261479527585,-7.488563586459285,19.26,63.0842981338501,417.95260163868033,0.1808880651983532,-0.19998310496413557,0.20364061727743768,Normal,
1997-07-01,47.69842529296875,2.165605095541401,7.814580943742477,2.09572359105068,19.663636363636364,60.338807106018066,450.6138460002125,0.2878123878226141,-0.2899889080692995,0.16685836274525803,Normal,
1997-08-01,48.582298278808594,2.2900763358778775,-5.746563170852836,1.4708407634898446,19.95285714285714,57.580028216044106,424.7190366832008,0.3337083585062297,-0.18163477373057002,0.20030300119146727,Normal,
1997-09-01,42.6890869140625,2.21940393151554,5.315359061556713,-0.7493854561943514,19.803333333333335,53.787704149881996,447.2943784856977,0.3791758592303789,-0.17821143025709968,0.24681144563984816,Normal,
1997-10-01,49.746307373046875,2.0859671302149163,-3.447769737522033,7.684989351814586,21.32521739130435,53.30099391937256,431.87269826663055,0.4450730702348451,-0.11349795368105287,0.19055282018005598,Normal,
1997-11-01,59.6933708190918,1.8903591682419618,4.458685521263939,-5.3051206074774875,20.19388888888889,53.4967238108317,451.1285437345367,0.462963456876658,-0.09183817318275259,0.20245665318046185,Normal,
1997-12-01,43.998268127441406,1.6970458830924073,1.5731597108694428,-9.216459624999063,18.332727272727272,50.914693196614586,458.2255162288004,0.534486976537254,-0.07320876133099627,0.2986013841276226,Normal,
1998-01-01,53.0963020324707,1.6311166875784044,1.0150177442407982,-8.77516612119409,16.724,50.83418210347494,462.87658652716175,0.5405927216933852,-0.06506730216015495,0.31524965739480776,Normal,
1998-02-01,77.59761810302734,1.440200375704448,7.044919253631243,-3.970342023439377,16.06,53.08732191721598,495.48586829196483,0.45202909107535466,-0.050192095104178894,0.3012915303849922,Normal,
1998-03-01,57.24806213378906,1.3767209011263937,4.994571434122053,-5.881354013358974,15.115454545454547,52.98465538024902,520.233263929787,0.45161094990968637,-0.06776462679652481,0.3142612704350713,Normal,
1998-04-01,50.99658203125,1.4383989993745905,0.9076469253460395,1.5768958693118007,15.353809523809524,51.997330029805504,524.955145154473,0.4476367074141765,-0.06674553803140626,0.2586894073884792,Normal,
1998-05-01,94.4734878540039,1.6885553470919357,-1.8826223261468433,-2.8644977204354327,14.914000000000001,55.405452728271484,515.0722223895384,0.3366793876984307,-0.1270132444875831,0.24012076215454817,Normal,
1998-06-01,76.30907440185547,1.6229712858926382,3.9438240635040422,-7.993709388372139,13.72181818181818,58.51074028015137,535.3857646405621,0.26472278472051536,-0.12693604600882608,0.29460725062639637,Normal,
1998-07-01,54.04841613769531,1.74563591022443,-1.1615326917385427,3.2860739366635805,14.172727272727274,59.03990618387858,529.1670839573476,0.2583357044778231,-0.1398381395190333,0.3754144117632875,Normal,
1998-08-01,97.02085876464844,1.6169154228855787,-14.579671825011387,-4.944866978221718,13.47190476190476,63.0764528910319,452.01625971038385,0.15361762459320666,-0.30042737568761047,0.29143921313052856,Normal,
1998-09-01,62.51344299316406,1.4267990074441794,6.239551504341101,11.57611961401155,15.031428571428572,64.72848256429036,480.2200470430095,0.15306286755139906,-0.30870726143426414,0.2652257923427456,Normal,
1998-10-01,54.403648376464844,1.4860681114551078,8.029422856762892,-3.79551070484353,14.460909090909091,65.1165943145752,518.7789452630384,0.17246067745834529,-0.32337506395233684,0.27786197240785654,Normal,
1998-11-01,67.96592712402344,1.4842300556586308,5.912599628568138,-10.087912306068503,13.002105263157894,65.80597400665283,549.4522672537505,0.15117007211425146,-0.32836792405306997,0.2509028091569213,Normal,
1998-12-01,75.95989227294922,1.606922126081578,5.637528708495609,-12.727419924634953,11.347272727272726,68.46944268544515,580.4277965596608,0.12430030342043413,-0.30631778683352184,0.20269773069888272,Normal,
1999-01-01,63.98722457885742,1.6666666666666607,4.100944085374847,10.288499650022365,12.514736842105263,69.37701956431071,604.2308159525458,0.10849947151549202,-0.31386436631909653,0.1945425355688553,Normal,
1999-02-01,58.316383361816406,1.6666666666666607,-3.2282562377591306,-4.003700899991591,12.013684210526316,67.77025000254314,584.7246969460947,0.09561851133952602,-0.2926465381460333,0.19205394557990343,Normal,
1999-03-01,83.39727783203125,1.7283950617283939,3.87942154089167,22.16503681918787,14.676521739130434,69.94935131072998,607.4086327943351,0.03297743299508124,-0.267909002701752,0.22762235289358299,Normal,
1999-04-01,106.19801330566406,2.281134401972884,3.7944027596277463,17.959699580744726,17.312380952380952,74.54947058359782,630.4561627193004,0.005200215375203239,-0.2153052858496229,0.3196895470499532,High,
1999-05-01,85.44113159179688,2.091020910209096,-2.4970480796175143,2.345830124326098,17.7185,73.7967742284139,614.7133692152879,-0.00032490097865268616,-0.24135831226685542,0.33202087151414295,Normal,
1999-06-01,79.4105453491211,1.9656019656019597,5.443833111432483,1.1551870541062659,17.923181818181817,74.05523014068604,648.1773391490319,-0.014900842487748835,-0.2183386182614033,0.336290220143269,Normal,
1999-07-01,62.14287185668945,2.1446078431372584,-3.2046092391091685,12.163864303044146,20.103333333333335,74.72976811726888,627.4057882528501,-0.050855772239493564,-0.1802415744417171,0.31012058027968226,Normal,
1999-08-01,62.858642578125,2.2643818849449104,-0.6254091687235008,5.846309220542323,21.278636363636362,71.88291676839192,623.4819349280148,-0.0908103072371927,-0.17908510608941564,0.3019480496574555,Normal,
1999-09-01,69.58151245117188,2.629969418960254,-2.8551792448024638,11.833607473707453,23.796666666666667,72.47192255655925,605.6804081268573,-0.15735445111696167,-0.22432950901431525,0.27447417373787275,Normal,
1999-10-01,72.35348510742188,2.56253813300793,6.253954145238461,-4.644508034338546,22.69142857142857,73.96774228413899,643.5593831178041,-0.12194344934789147,-0.20635417059901245,0.27148129481428895,Normal,
1999-11-01,57.9638671875,2.6203534430225606,1.9061858969220413,10.184252497271885,25.00238095238095,73.13423728942871,655.8268213171142,-0.11287721138498018,-0.19641819374024955,0.24759832039326368,Normal,
1999-12-01,86.0849380493164,2.676399026763998,5.784389473992291,4.399580992286456,26.10238095238095,73.97799110412598,693.7623989369996,-0.12143781027236644,-0.14613554663368028,0.2482297693066716,Normal,
2000-01-01,64.45780944824219,2.792956891317555,-5.090354879190063,4.432901097951469,27.259473684210523,74.01720650990804,658.4474308127241,-0.085048332587289,-0.12785085369039845,0.24696464492093415,Normal,
2000-02-01,63.54172134399414,3.2179720704310855,-2.0108083256356934,7.727685208425883,29.366000000000003,74.45265134175618,645.2073150540074,-0.03514457293233315,-0.13222790660632147,0.2143842061751952,Normal,
2000-03-01,50.101985931396484,3.762135922330101,9.671982835364812,1.6200338160961003,29.84173913043478,71.67804368336995,707.6116558185491,-0.09887852149739401,-0.1843810844507316,0.20353715314113555,Normal,
2000-04-01,48.6827392578125,3.013863773357439,-3.0795755780191336,-13.804938945650736,25.722105263157896,66.88510417938232,685.8202200787443,-0.1394248848816953,-0.15067590664469319,0.24037566879689082,Normal,
2000-05-01,79.48287963867188,3.1325301204819134,-2.1915050603417807,11.920006250092996,28.78818181818182,66.38858318328857,670.7904352508715,-0.08168966609399377,-0.15351818863880137,0.27671203188245375,Normal,
2000-06-01,64.71781921386719,3.7349397590361377,2.3933549615877237,10.539362743550074,31.82227272727273,65.16418933868408,686.844831414804,-0.07202688099507396,-0.1336786270243407,0.23633825287733565,Normal,
2000-07-01,51.904022216796875,3.5992801439711952,-1.6341275904170893,-6.679066074963302,29.69684210526316,64.31095186869304,675.620910521301,-0.12095620381854125,-0.07797997795353434,0.261172845452296,Normal,
2000-08-01,46.49225616455078,3.3512866546977715,6.069910494167097,5.276894198583393,31.26391304347826,62.947086334228516,716.6304950698208,-0.16867441942303207,-0.15996333000327795,0.24409642902133183,Normal,
2000-09-01,52.689998626708984,3.45649582836709,-5.3482974719764265,8.38054709555398,33.884,61.53946018218994,678.3029644185893,-0.20679718057223342,-0.09194937908930848,0.21693306619653235,Normal,
2000-10-01,76.45652770996094,3.4503271861986873,-0.49494854217706497,-2.288288384971182,33.108636363636364,61.8813803990682,674.9457137846558,-0.18078086805516536,-0.13205380200879216,0.23307922173181977,Normal,
2000-11-01,45.06056213378906,3.444180522565321,-8.006861010730892,3.952160636079971,34.417142857142856,60.80610497792562,620.9037485840329,-0.2355498848275421,-0.04301479760170164,0.20859318686943165,Normal,
2000-12-01,45.39509963989258,3.4360189573459543,0.40534456237286687,-17.376930101278422,28.436500000000002,57.41528511047363,623.4205481664875,-0.31814421451453584,-0.03392644871918135,0.23209147933524715,Normal,
2001-01-01,46.89955520629883,3.7212049616065945,3.4636576676164488,4.041335205507979,29.585714285714282,55.952097256978355,645.0137017845526,-0.386077841233288,-0.05052079619560715,0.19604172207871753,Normal,
2001-02-01,55.087711334228516,3.529411764705892,-9.229073539585963,0.08030699636587535,29.609473684210528,55.247596422831215,585.4849129064505,-0.38581590643533514,-0.03515317404085259,0.21568215543145222,Normal,
2001-03-01,61.708953857421875,2.9824561403508643,-6.420471080339151,-7.987066081914818,27.244545454545456,56.21484375,547.894023393543,-0.42203292166233225,-0.011604000552472009,0.20955637175661734,Normal,
2001-04-01,50.5687370300293,3.2182562902282053,7.681436165439459,0.9009309619940398,27.49,56.372010231018066,589.980153054776,-0.490382399543638,-0.045985416003473154,0.2114990602267166,Normal,
2001-05-01,60.376861572265625,3.5630841121495394,0.5090187401275648,4.143655544164826,28.62909090909091,54.77984205881754,592.983262596858,-0.46277138871110973,-0.024184159994643916,0.2518293708796954,Normal,
2001-06-01,72.06433868408203,3.193960511033689,-2.503538942756467,-3.597890318327246,27.59904761904762,55.392052014668785,578.1376956937178,-0.43516106637286145,-0.04580361116210767,0.2726311543832845,Normal,
2001-07-01,61.072940826416016,2.7214823393167498,-1.0740149595403703,-4.254805203768264,26.4247619047619,56.156128565470375,571.9284103552253,-0.47348903934008135,-0.05004728283218415,0.28045760291627003,Normal,
2001-08-01,64.10773468017578,2.7214823393167498,-6.410840688075748,3.5919004384494357,27.37391304347826,57.624085108439125,535.2629911175077,-0.4262291502586612,0.14739150529221667,0.3598084221530087,Normal,
2001-09-01,498.64788818359375,2.5921658986175045,-8.172340570563886,-4.290359794021259,26.199473684210528,94.78724257151286,491.5194765351979,-0.12425183425829199,-0.249376948516482,-0.051227426478159116,Very High,9/11
2001-10-01,512.5297241210938,2.127659574468077,1.8099111333141016,-15.38163901837427,22.169565217391302,131.12667560577393,500.4155422634156,-0.2171139927895569,-0.1301505533120655,-0.260812258319774,Very High,
2001-11-01,306.785888671875,1.894374282433997,7.51759041240454,-11.432633849774465,19.634999999999998,152.93711948394775,538.0347330907923,-0.2973628695149157,-0.029842414307469346,-0.33163374416942604,Very High,
2001-12-01,236.09974670410156,1.603665521191311,0.7573834088927756,-1.2531328320801838,19.388947368421054,168.82917340596518,542.1097188933024,-0.3631369717497103,-0.017782368862936014,-0.3566887203167015,Very High,
2002-01-01,172.47720336914062,1.1958997722095743,-1.5573832456979853,1.6804137437162137,19.714761904761904,179.2939774195353,533.6669929579577,-0.4042180600052652,-0.014719505799538696,-0.35087331138549166,High,
2002-02-01,146.1857147216797,1.1363636363636465,-2.0766211039727644,5.1175982273502285,20.723684210526315,186.8854777018229,522.5847515572559,-0.42992882299545265,-0.026196032979929514,-0.3560949972547401,High,
2002-03-01,151.9763641357422,1.3628620102214661,3.6738892862074657,18.371809523809524,24.531,194.40776189168295,541.7839367560719,-0.44904187326444944,-0.011925908764036385,-0.3288210055459619,High,
2002-04-01,157.49655151367188,1.643990929705219,-6.141762591921907,6.718400836047911,26.179090909090913,203.31841309865317,508.50885359934557,-0.4550734416462027,-0.026242662026903882,-0.335682774692223,High,
2002-05-01,163.3223114013672,1.2408347433727984,-0.9081481352177012,3.293745876306531,27.041363636363634,211.89720058441162,503.89083992796617,-0.4652121923472641,-0.030086939722679118,-0.33104404148218947,High,
2002-06-01,149.33042907714844,1.0692177827799743,-7.24553538081798,-5.631608142408084,25.5185,218.3360414505005,467.3812508402845,-0.47004201981330535,-0.032549502983365314,-0.33577534973685247,High,
2002-07-01,122.7783432006836,1.465614430665152,-7.900427514940766,5.673101773969758,26.966190476190473,223.4781583150228,430.45613389922437,-0.4717544277935922,-0.041155244121893,-0.32506314991554147,High,
2002-08-01,127.06451416015625,1.747463359639223,0.4881433306494376,5.261438485581604,28.385,228.72455660502115,432.5573768082249,-0.4762561212422806,-0.03967915621620854,-0.3170773654449584,High,
2002-09-01,174.90333557128906,1.516002245929271,-11.002431825242788,4.504139510304728,29.6635,201.7458438873291,384.9655463198414,-0.4832009796406138,-0.06933384289040782,-0.3010733792380102,High,
2002-10-01,172.03192138671875,2.0270270270270174,8.644880033371404,-2.787864752539526,28.836521739130436,173.37102699279785,418.2453559690045,-0.48940541011082866,-0.02771764681506783,-0.3171400206203527,High,
2002-11-01,159.12759399414062,2.2535211267605604,5.706962070498589,-8.615520618082206,26.352105263157895,161.06616910298666,442.1144597957774,-0.4932774429771601,-0.007427103166813307,-0.3090392382181063,High,
2002-12-01,175.8117218017578,2.4802705749718212,-6.033257188502883,11.79733872018518,29.460952380952378,156.04216702779135,415.440557368738,-0.4934809378580928,-0.006012683011734528,-0.2784822694138844,High,
2003-01-01,206.43460083007812,2.757456387169399,-2.741469268304464,11.833257903924487,32.94714285714286,158.87195014953613,404.0513821604013,-0.48539599012872847,-0.023270154808490595,-0.23779141821552766,Very High,
2003-02-01,239.61093139648438,3.146067415730336,-1.700360825687175,8.745153435555242,35.828421052631576,166.65738487243652,397.18105074249826,-0.45380362770128074,-0.028244212721361187,-0.1952645284043068,Very High,
2003-03-01,358.711181640625,3.025210084033625,0.8357567684332823,-6.461595714467572,33.513333333333335,183.88528633117676,400.50051825701314,-0.38843654951748846,0.040985146845107394,-0.22878483091736343,Very High,Iraq War
2003-04-01,255.77517700195312,2.175125488008911,8.10441071800323,-15.942482025633009,28.170476190476194,192.07517178853354,432.958725184293,-0.38715949932750104,0.07716289553503884,-0.31721331948880394,Very High,
2003-05-01,162.1218719482422,1.8941504178273005,5.0898709609522585,-0.21975049866460594,28.108571428571427,191.9751351674398,454.9957656103574,-0.37863972824160097,0.07527248636237115,-0.30335320496536033,High,
2003-06-01,145.7697296142578,1.948775055679297,1.1322214676852127,9.085518736870647,30.66238095238095,191.67841021219888,460.14732534565655,-0.3579212052000961,0.08890982089571085,-0.28238184060842275,High,
2003-07-01,134.89891052246094,2.055555555555544,1.6223701958536507,0.300578426403475,30.754545454545454,192.68845748901367,467.6126184090822,-0.33233623284670566,0.08373012490801383,-0.31086448080590473,High,
2003-08-01,138.23092651367188,2.216066481994461,1.7873203593487874,2.6638796222006267,31.573809523809523,193.61899185180664,475.97035394079165,-0.3091577905822789,0.12120382094661969,-0.3006869647674462,High,
2003-09-01,118.19628143310547,2.378318584070782,-1.1944364585525724,-10.332554106025182,28.31142857142857,188.893404006958,470.2851905014211,-0.2835334870969599,0.101216091223995,-0.2595831504408571,High,
2003-10-01,108.3173828125,2.041942604856528,5.496148663571665,7.159060493973413,30.338260869565215,183.5838591257731,496.1327637141404,-0.25607478852430027,0.08475965339544055,-0.276304570384637,High,
2003-11-01,118.0866928100586,1.9283746556473913,0.7128504071372888,2.5382880946239084,31.108333333333334,180.1637840270996,499.6694481402182,-0.2148928520983958,0.04169504245131168,-0.26972982386316435,High,
2003-12-01,129.46507263183594,2.0352035203520247,5.076554077889206,3.2811603076805307,32.12904761904762,176.30156326293945,525.035437885747,-0.17200475777584087,0.0366382467853205,-0.3705123525643537,High,
2004-01-01,113.46759033203125,2.026286966046009,1.7276386950755285,6.788101554742054,34.31,168.5543123881022,534.1061532735204,-0.11103750704861673,0.05505107767669448,-0.3708727069086991,High,
2004-02-01,115.07597351074219,1.688453159041381,1.220897373761054,1.0922088082345072,34.68473684210526,158.17639923095703,540.6270412719329,-0.042749991944161216,-0.001234454118522309,-0.3789210861897721,High,
2004-03-01,138.53207397460938,1.7400761283306032,-1.635891961786684,5.929315580749273,36.74130434782609,139.82814025878906,531.7829669605202,0.0018078571351612914,-0.03730234078007428,-0.430647546555739,High,
2004-04-01,149.6313934326172,2.2925764192139875,-1.6790751960348183,0.023667238624924813,36.75,130.9828249613444,522.8539310655481,0.0634466335489838,0.019150145507651047,-0.43897087938738905,High,
2004-05-01,121.0911865234375,2.8977583378895444,1.208345009735412,9.591836734693882,40.275,127.56360117594402,529.1718104497841,0.13175248418264635,0.019722771515661833,-0.4430145611443307,High,
2004-06-01,137.23391723632812,3.1676679410158393,1.7988998771432563,-5.586001004995412,38.025238095238095,126.8522834777832,538.6910814978419,0.17163905822837558,0.00016435631686918353,-0.45517904331027975,High,
2004-07-01,131.0198516845703,2.939575394665228,-3.4290519520026264,7.239552678045924,40.77809523809524,126.52902857462566,520.2190844524761,0.18991477605748044,0.003108524633376272,-0.4984976924025072,High,
2004-08-01,140.36582946777344,2.5474254742547275,0.22873503233691306,10.115937382560446,44.90318181818182,126.70693715413411,521.4090077435212,0.22486424024688378,-0.045188267159779,-0.5041917928063738,High,
2004-09-01,153.87161254882812,2.5391680172879516,0.9363875526838816,2.2994639259937166,45.93571428571428,129.67988141377768,526.2914167906041,0.15812850701282222,0.15661208703133436,-0.5256045071641667,High,
2004-10-01,119.86279296875,3.1909140075716547,1.4014243690939843,15.98921888767948,53.28047619047619,130.6419989267985,533.6669929579576,0.15572366880130847,0.15915146932288904,-0.4127348434073185,High,
2004-11-01,122.70738983154297,3.621621621621607,3.859493629597055,-9.030467695662669,48.469,131.0270570119222,554.2638365544323,0.13848233425608156,0.020732518670744056,-0.2707765976515389,High,
2004-12-01,109.89522552490234,3.3423180592991875,3.245821284320516,-10.975007098302413,43.14952380952381,129.39623641967773,572.2542501326075,0.12935042042441014,-0.0038654543734806934,-0.19497768267994664,High,
2005-01-01,100.88758850097656,2.8448738593666034,-2.529046744229402,8.545809698280626,46.837,128.3479029337565,557.7816726509144,0.11845934242193887,0.02014623209278979,-0.21220900457828365,High,
2005-02-01,108.97796630859375,3.0530262453133394,1.8903346132113308,2.8010918043876565,48.148947368421055,127.83973566691081,568.3256126751837,0.08441440931108544,0.00920869343671414,-0.2096663204002977,High,
2005-03-01,90.41048431396484,3.2068412613575736,-1.911765556028966,12.53998507422638,54.186818181818175,123.82960319519043,557.4605593659691,0.03774477491875417,0.025085529836212078,-0.25974170664871277,Normal,
2005-04-01,87.03240203857422,3.3617929562433257,-2.0108582083263493,-2.2289010561904687,52.97904761904762,118.61302057902019,546.2508179497764,-0.009784980155403508,0.05120172094895144,-0.236681819506756,Normal,
2005-05-01,98.20596313476562,2.869287991498415,2.995204663120865,-5.936758466959091,49.83380952380952,116.70591862996419,562.6121479213441,-0.012136378350369372,0.03656894903720457,-0.20419238502721526,Normal,
2005-06-01,81.12405395507812,2.541026998411855,-0.014271417986777557,13.08040317557666,56.35227272727273,112.03009668986003,562.5318551900699,-0.01187744952612444,0.04703701014025169,-0.24211390032884655,Normal,
2005-07-01,165.90191650390625,3.067160232681121,3.596828690361842,4.690542448074231,58.99550000000001,114.93693542480469,582.765162349971,-0.02119920630340807,0.03256586719403034,-0.23443106578802736,High,
2005-08-01,116.2276611328125,3.6469344608879517,-1.122210459860007,10.152837744072585,64.98521739130435,112.92542139689128,576.2253107416595,-0.062294944255086526,0.0394515474429803,-0.24255724379308316,High,
2005-09-01,103.80766296386719,4.741833508956805,0.694902431673361,0.9255170629663745,65.58666666666666,108.75342559814453,580.2295144379207,-0.09533873269158287,0.11241785915738096,-0.2415665102536226,High,
2005-10-01,87.06182861328125,4.350104821802936,-1.7740779932313488,-5.072169140069105,62.260000000000005,106.02001190185547,569.9357903120443,-0.140038509654378,0.1055701764214321,-0.1992725374288453,Normal,
2005-11-01,83.48009490966797,3.3385498174230532,3.5186096519093324,-6.324285255380657,58.322500000000005,102.75107065836589,589.9896060396496,-0.15515812421858405,0.06279453135012443,-0.15118589048825165,Normal,
2005-12-01,95.35025024414062,3.3385498174230532,-0.09523493171964548,1.8678979157353615,59.411904761904765,101.53898938496907,589.4277298411848,-0.16324233178090208,0.1307877266132772,-0.17767498401367512,Normal,
2006-01-01,94.51001739501953,4.018789144050117,2.5466771341108085,10.222017392698257,65.485,101.00752512613933,604.4385510591587,-0.19244186733416677,0.1819304091552169,-0.25259110335815876,Normal,
2006-02-01,95.85819244384766,3.63825363825363,0.04531577283561905,-5.8852368762633445,61.631052631578946,99.91421063741048,604.7124570598876,-0.2484033644389459,0.2740501114098507,-0.29973847842236173,Normal,
2006-03-01,92.79762268066406,3.4179181771103018,1.1095810408889628,1.7104441912213275,62.68521739130435,100.11313883463542,611.4222318353179,-0.46093140786369297,0.4612192873726732,-0.24787433048397525,Normal,
2006-04-01,89.01580047607422,3.613835828600931,1.215565291784415,10.781595885730312,69.44368421052631,100.27842203776042,618.8544682717617,-0.5267387833426602,0.19923175116249858,0.025089566829688638,Normal,
2006-05-01,85.20877838134766,3.9772727272727293,-3.0916916538203165,2.016607722480712,70.84409090909091,99.19532330830891,599.7213963269095,-0.5191340552172027,0.16507082080174781,0.05597295716186189,Normal,
2006-06-01,102.57276916503906,4.1817243159525175,0.008659650459597046,0.15077923994430975,70.9509090909091,100.98271624247234,599.7733301035629,-0.4955421314779142,0.1676332410815899,0.025167610072100933,High,
2006-07-01,137.13482666015625,4.104669061056954,0.5085878803453348,4.876813539113889,74.41105263157894,98.58545875549316,602.8237045700132,-0.4134896277239367,0.15309843770878606,0.044592607147512876,High,
2006-08-01,147.08111572265625,3.926568077511483,2.127419311502643,-1.838448866045883,73.04304347826087,101.15657997131348,615.6482924753514,-0.32540806204548095,0.16237399362423277,0.01583760997536171,High,
2006-09-01,111.72425842285156,2.012072434607637,2.4566297967782313,-12.656980101072024,63.798,101.81629625956218,630.7724918716573,-0.312035754556314,0.16667987492693218,0.03136981971503027,High,
2006-10-01,113.13529968261719,1.4063284781516971,3.1508003585395628,-7.688043797326216,58.89318181818182,103.98908551534016,650.6468738071184,-0.30808372289466207,0.189629286153258,0.035773311898510345,High,
2006-11-01,88.77892303466797,1.9687026754164672,1.6466656343095964,0.3214602709064929,59.0825,104.43065452575684,661.36085227881,-0.2535770310378668,0.17395530538811313,0.04224309424283272,Normal,
2006-12-01,90.60655975341797,2.5239777889954462,1.2615782814670462,4.868615918419161,61.959,104.03534698486328,669.7044371532847,-0.20982839985766805,0.13016912743749912,0.027924694663358847,Normal,
2007-01-01,97.9200439453125,2.075765178123423,1.4059043023177953,-12.028614928919968,54.50619047619048,104.31951586405437,679.119840648036,-0.18463854501885313,0.1223997780837719,0.05582951667072639,Normal,
2007-02-01,96.16935729980469,2.420260782347028,-2.1846175991944383,8.756357489917432,59.27894736842105,104.34544626871745,664.2836690896177,-0.1648068993466448,0.1425267171963804,0.03829125561340486,Normal,
2007-03-01,87.33650207519531,2.798197295943927,0.9979982939206433,1.9616927510028859,60.441818181818185,103.89035288492839,670.9132087739255,-0.09460503434985762,0.18153358825574867,0.01826274724559787,Normal,
2007-04-01,76.6133804321289,2.5929247633283525,4.3290690426759815,5.848900520410294,63.977,102.85681788126628,699.9575047981816,-0.005960995818251187,0.17281855816234012,0.008914228709395794,Normal,
2007-05-01,92.5995864868164,2.709885742672613,3.2549228707361655,-0.8166287032129405,63.45454545454545,103.472718556722,722.7405817072918,0.010906230231045597,0.1457305604467607,-0.003924184130461892,Normal,
2007-06-01,97.9723129272461,2.692765113974227,-1.781632254788501,6.358097966980503,67.48904761904762,103.08934720357259,709.8640023851486,0.015561158577046737,0.14120575388788145,0.029479311993691765,Normal,
2007-07-01,112.34625244140625,2.3178905864958077,-3.198187836198829,9.821699464463363,74.11761904761904,101.02363268534343,687.1612182073127,0.013589103831983399,0.19570499637044061,0.015513935942670715,High,
2007-08-01,83.17320251464844,1.897448478900876,1.2863572018857905,-2.3766711798520634,72.35608695652174,95.69797325134277,696.0005660262885,0.09428822022859411,0.20877130213814923,-0.02364470188227577,Normal,
2007-09-01,94.4888687133789,2.8338264299802685,3.579400817860079,10.446460282084447,79.91473684210526,94.26169077555339,720.9132159789443,0.16477376128594878,0.20640907547867363,-0.04520756729266965,Normal,
2007-10-01,101.47301483154297,3.610698365527476,1.4822338223554832,7.362795702742675,85.7986956521739,93.28983370463054,731.5988354960149,0.16312448920073727,0.20273750084687814,-0.10340555798505519,High,
2007-11-01,89.79544830322266,4.373267326732666,-4.404341737941575,10.458999675923032,94.77238095238096,93.37454414367676,699.3767226299693,0.11269399204132621,0.1878622955982371,-0.07447892433468234,Normal,
2007-12-01,94.96749114990234,4.108813392417532,-0.8628508561297932,-3.2555697360090896,91.687,93.73795509338379,693.3421445911841,0.09778131638082031,0.1779854749706705,-0.04200187270681522,Normal,
2008-01-01,81.49982452392578,4.294695655165981,-6.116343227776988,1.399845333009253,92.97047619047619,92.36960347493489,650.9349592851576,0.05770644988483453,0.23791539978640974,-0.04045821183908858,Normal,
2008-02-01,80.75146484375,4.142959270611968,-3.476119273728817,2.5981622430059748,95.386,91.084779103597,628.3076837060073,0.02867456638332274,0.2618958769353018,-0.04341449701049677,Normal,
2008-03-01,77.63613891601562,3.9749035501344343,-0.5959623397817415,10.555008072463457,105.454,90.2764155069987,624.5632065331646,0.000762194650251896,0.26141198923319137,-0.06386738385015081,Normal,
2008-04-01,71.9048080444336,3.9037609759888126,4.75466976412291,6.7578797821368,112.58045454545454,89.88403447469075,654.2591244720335,-0.02605667919533646,0.16963231582202434,-0.09879412054630093,Normal,
2008-05-01,72.57379913330078,4.088413823123993,1.067418170406853,11.384893189420865,125.39761904761905,88.21521886189778,661.2428052481928,-0.057741696098199354,0.1588959209953928,-0.1412602773464826,Normal,
2008-06-01,87.54842376708984,4.935966105947864,-8.596238482631446,6.764387567167285,133.88,87.34656143188477,604.400796759816,-0.10068430197224573,0.17606966495284984,-0.1184042559776422,Normal,
2008-07-01,89.73957061767578,5.497512078341837,-0.9859371185302779,-0.38025911942851653,133.3709090909091,85.46267127990723,598.4417849598682,-0.09883368055805734,0.07980529868632857,-0.18259498689575882,Normal,
2008-08-01,88.55410766601562,5.308017162091239,1.2190464669121548,-12.52500918572299,116.66619047619047,85.91108004252116,605.7370683959474,-0.12455119593084071,0.0951633302413985,-0.20048070941215415,Normal,
2008-09-01,88.54255676269531,4.953319875136075,-9.079143354379216,-10.75881942375274,104.11428571428571,85.41555404663086,550.7413316056653,-0.1610187208969006,0.10914756754883902,-0.17287290526965432,Normal,Financial Crisis
2008-10-01,64.15979766845703,3.7310578899565128,-16.942452401777075,-26.41865126712166,76.6086956521739,82.30611928304036,457.4322436414622,-0.15843895752245774,0.2752944521284904,0.020674916267353995,Normal,
2008-11-01,79.08097076416016,1.0999174706166848,-7.484904233870971,-25.191946950235966,57.30947368421053,81.41324615478516,423.19387827005147,-0.09537909324383707,0.3221010131325363,0.0731905133190936,Normal,
2008-12-01,92.3664321899414,-0.02222800255385904,0.7821576633499472,-28.246037629991783,41.121818181818185,81.19649124145508,426.50392161976856,-0.08122075169127825,0.32063709411537367,0.06783940226492449,Normal,
2009-01-01,85.36947631835938,-0.11358601902212717,-8.565734305805428,1.4303400097271934,41.71,81.51896222432454,389.97072888997855,-0.042684691554844945,0.32922797784824814,0.06320068186763644,Normal,
2009-02-01,67.45267486572266,0.008463140671510772,-10.993119762019942,-6.287776501911702,39.08736842105263,80.4107297261556,347.1007796262811,0.05107498610583493,0.38368768926466285,0.08688242587614266,Normal,
2009-03-01,72.64462280273438,-0.4464787676623838,8.540446199532292,22.645992415469717,47.939090909090915,79.99477005004883,376.74473496842074,0.11696824108659523,0.29557509470106497,0.014341226806415733,Normal,
2009-04-01,85.6884994506836,-0.5763244243767063,9.392507914826332,3.5619694182643213,49.64666666666666,81.14341100056966,412.1305140190212,0.13090274249845965,0.26299658662004916,0.015153710695364888,Normal,
2009-05-01,89.68086242675781,-1.015761495855172,5.308144638516654,18.897206928964682,59.028499999999994,82.56899960835774,434.006997802613,0.1358627210787925,0.2519471471878465,0.011816302199483155,Normal,
2009-06-01,81.10958862304688,-1.2291746182109153,0.019582726560996022,17.978449547098595,69.64090909090909,82.03243001302083,434.0919882062483,0.14792244484511277,0.24738084819795886,-0.012824115856806475,Normal,
2009-07-01,83.43962097167969,-1.9587610037622771,7.414172714778422,-7.881339338163318,64.15227272727272,81.50743420918782,466.2763179528751,0.11269409004642783,0.23470751681494906,-0.03806818152888377,Normal,
2009-08-01,73.37187957763672,-1.4838355663267633,3.356018886854417,10.74395167072395,71.04476190476191,80.24224853515625,481.924639248303,0.0973544262131136,0.21013867951769657,-0.051820714452472556,Normal,
2009-09-01,92.8399887084961,-1.377942862886472,3.5723345723119637,-2.3037119455206256,69.40809523809523,80.60036786397298,499.14059974865984,0.08064882976901044,0.20066281553712909,0.012801809602496795,Normal,
2009-10-01,90.57640075683594,-0.22396829420033848,-1.9762000526814205,9.087353983310976,75.71545454545455,82.80175145467122,489.27658295347254,0.09967210891957429,0.16801108218734723,0.07880030947185407,Normal,
2009-11-01,82.10176086425781,1.9145871744709275,5.736406145372763,3.004070263066261,77.99,83.0534839630127,517.3434749258854,0.10114315828360602,0.15000957843913632,0.07800700535007546,Normal,
2009-12-01,92.94691467285156,2.8141231232083674,1.7770570919338313,-4.513399153737652,74.47,83.1018575032552,526.5369638367127,0.10444695047067361,0.15310293311852738,0.06390014690702166,Normal,
2010-01-01,91.58102416992188,2.6211113889767157,-3.6974245692262153,5.1776412967425856,78.32578947368421,83.61948649088542,507.0686567697563,0.11055764388585217,0.1345456931582898,0.1111673555075394,Normal,
2010-02-01,80.72535705566406,2.151336357866529,2.8513689046546054,-2.474818403564061,76.38736842105263,84.7255433400472,521.527054774139,0.1080501230818643,0.13587409360016192,0.09897548906183957,Normal,
2010-03-01,74.116943359375,2.2861714393279886,5.8796425545497355,6.304851102174647,81.20347826086957,84.84823671976726,552.1909814201291,0.10225105126015877,0.09589558113689453,0.08360170584025534,Normal,
2010-04-01,88.76158142089844,2.2067707525304403,1.4759230482012997,3.804490827428375,84.29285714285714,85.10432688395183,560.3408953849978,0.10898511325087523,0.12092217617060218,0.09576218077166994,Normal,
2010-05-01,88.95870971679688,2.003548929218568,-8.197584207319053,-12.515125836793494,73.7435,85.04414749145508,514.406478637767,0.10344509684187174,0.09232235807096519,0.08596595577624805,Normal,
2010-06-01,96.45369720458984,1.1215605940686268,-5.388244223983851,2.1593890863724985,75.3359090909091,86.32282320658366,486.6890012647688,0.0793412616099869,0.07311956669279558,0.07308441843019528,Normal,
2010-07-01,79.38137817382812,1.3407784804821077,6.8777849574635175,1.3056386130918973,76.31952380952382,85.9846363067627,520.1624241833865,0.08353753094878452,0.09570130706496681,0.013628246804577384,Normal,
2010-08-01,80.99386596679688,1.1501775395112546,-4.744918363260475,0.36631137828484484,76.59909090909092,86.6198018391927,495.48114179952813,0.08723523955705383,0.10342916571685369,0.013045552041323228,Normal,
2010-09-01,71.16854858398438,1.1183122472331775,8.755110305113556,-1.771804509790964,75.24190476190476,84.8138484954834,538.861062305113,0.08921617638486284,0.01426859390305184,-0.0069754282630623285,Normal,
2010-10-01,65.99193572998047,1.1666951489314625,3.685599403554063,8.839425851855598,81.89285714285714,82.76514307657878,558.7213224034153,0.0634176206201288,-0.04315123358138922,-0.08243893722197182,Normal,
2010-11-01,94.70516967773438,1.084544776600338,-0.22902497465766558,2.881814217182721,84.25285714285714,83.81542714436848,557.4417110363739,0.0229795577264838,-0.026785324259511502,-0.09361112522903141,Normal,
2010-12-01,97.20389556884766,1.437793022217937,6.530004034715509,5.807579842373056,89.14590909090909,84.17017555236816,593.8426772582363,-0.026855071027324595,0.026486572536691642,-0.05859177653319125,Normal,
2011-01-01,79.42161560058594,1.7007834915029774,2.2645574359139164,0.02758501129405122,89.1705,83.15689150492351,607.2905857637179,-0.02231002665497824,0.01878522719729066,-0.05767373066851703,Normal,
2011-02-01,90.01448822021484,2.124898173333145,3.1956563728093412,-0.6639852275903135,88.57842105263158,83.93098576863606,626.6975060691474,-0.008599000716088514,0.025837756307380985,-0.05834901211999106,Normal,
2011-03-01,136.8883056640625,2.619241510354109,-0.10473129391664893,16.119163693395567,102.85652173913043,89.16193262736003,626.0411576620978,0.07301561386510079,0.010877200576071843,0.12991970131018768,High,
2011-04-01,91.01776885986328,3.0772344447868694,2.8495380666536008,6.490573614574968,109.5325,89.34994824727376,643.8804387625981,0.12095367476321722,0.03852274543438666,0.15401048366390827,Normal,
2011-05-01,105.34491729736328,3.4589718808964998,-1.350095289522324,-7.88078772010482,100.90047619047618,90.7154655456543,635.1874392887086,0.20175949601922882,0.031879079534213185,0.1483969870845165,High,
2011-06-01,84.391845703125,3.5023181506360412,-1.8257461652479323,-4.595008325464067,96.26409090909091,89.71031125386556,623.5905289737585,0.1979329995989955,0.03872388280714859,0.14831183206038623,Normal,
2011-07-01,78.92475891113281,3.5798809769996165,-2.147442530666621,1.0797474749859592,97.3035,89.67225964864095,610.1992807373671,0.16975873546807335,0.04637005980646924,0.1462905589898251,Normal,
2011-08-01,86.95156860351562,3.75499603070808,-5.679110795232889,-11.27447267748758,86.33304347826088,90.16873486836751,575.5453875125777,0.16698559877725844,0.04211320408024786,0.15096000589223166,Normal,
2011-09-01,83.35044860839844,3.812621692818685,-7.1761988080896515,-0.9472681027730911,85.51523809523809,91.18389320373535,534.2431062738851,0.1513693059356675,0.058333361263688606,0.159485255268121,Normal,
2011-10-01,76.33993530273438,3.5222681306640524,10.772303843744147,0.9438585158868973,86.32238095238095,92.04622650146484,591.793396945965,0.20041667683104566,-0.12683886159012506,0.05111063909280183,Normal,
2011-11-01,83.15767669677734,3.451432214581729,-0.5058715107011391,12.555371061965936,97.16047619047619,91.08393541971843,588.7996827486049,0.18649648493619875,-0.15415330341390904,0.004516013037532496,Normal,
2011-12-01,85.34132385253906,3.062066838419386,0.8532763666636134,1.4433656640707504,98.56285714285715,90.0953877766927,593.8237712884891,0.19862121057141177,-0.1539244502354429,0.06219625451536935,Normal,
2012-01-01,79.63497161865234,3.0087663379855023,4.358306270498535,1.735585703104614,100.2735,90.11316744486491,619.7044299482661,0.18548148072183654,-0.16992572825643185,0.06365023618799262,Normal,
2012-02-01,92.4458236694336,2.8981784423473878,4.058946376811723,1.9252344836871105,102.204,90.3157787322998,644.857900454593,0.16150639665743782,-0.29890631770694576,0.01409904052490176,Normal,
2012-03-01,88.75997924804688,2.5828752813320977,3.133231453144192,3.8684662760041677,106.15772727272729,86.30508486429851,665.0627910197217,0.12697509210446759,-0.2628681926059343,0.10958268031369345,Normal,
2012-04-01,96.01668548583984,2.2731633741348567,-0.7497452372495994,-2.672181616548286,103.321,86.72166124979655,660.076514419332,0.13191472932626844,-0.27683116695065735,0.09318511100779218,Normal,
2012-05-01,78.17115783691406,1.7379429374660749,-6.2650725714543665,-8.387892631173276,94.65454545454546,84.45718129475911,618.7222417638344,0.15149492794364067,-0.2394183598855007,0.11222104586729402,Normal,
2012-06-01,77.82243347167969,1.653870448297634,3.955498222833631,-13.048725829171481,82.30333333333333,83.909730275472,643.1957890410794,0.1356805924148572,-0.25321808370635046,0.1921701692986563,Normal,
2012-07-01,82.80802154541016,1.4175114798464783,1.259757420478791,6.794262802524931,87.8952380952381,84.23333549499512,651.2984957217315,0.13346520001652404,-0.24968180320833136,0.1765477103138043,Normal,
2012-08-01,74.87835693359375,1.6859349154821235,1.9763369506085704,7.094885215318447,94.13130434782609,83.22723452250163,664.1703485514379,0.061328636998196094,-0.24095798291411039,0.2016417975470397,Normal,
2012-09-01,69.28050994873047,1.9497168982819613,2.4236153617775313,0.40621965811427074,94.51368421052632,82.05473963419597,680.2672831473019,0.13865735868432935,-0.2574485789836891,0.2090858215939684,Normal,
2012-10-01,81.66366577148438,2.1556780595369363,-1.9789409716293949,-5.313918195711242,89.4913043478261,82.49838383992513,666.8051951645098,0.18853958336112678,-0.24396399424826506,0.20679682632666777,Normal,
2012-11-01,81.38964080810547,1.7960197033926262,0.28467166850427716,-3.307445117676877,86.53142857142858,82.35104751586914,668.7034006392578,0.1902298506042327,-0.23717525029459707,0.21535669447320963,Normal,
2012-12-01,74.83155822753906,1.7595049796895523,0.7068230956284616,1.53478504919764,87.8595,81.47523371378581,673.429950716229,0.19433575459151115,-0.239367293062429,0.22604275476537586,Normal,
2013-01-01,90.6574935913086,1.684061762098299,5.0428096466868855,7.850222988597344,94.75666666666667,82.39377721150716,707.3897412346257,0.17906819443648728,-0.2131337690744654,0.22758399062434284,Normal,
2013-02-01,81.59033203125,2.0181404902574807,1.1060648765041536,0.5828409980874305,95.30894736842104,81.4891529083252,715.2139307024155,0.18009201925479998,-0.20960965711182422,0.22353538345993404,Normal,
2013-03-01,75.89672088623047,1.5187472411246183,3.5987723982872977,-2.4871194508716665,92.9385,80.41721471150716,740.9528522292396,0.19843277095270587,-0.19688406373984788,0.2595669826431546,Normal,
2013-04-01,95.10787200927734,1.138808047576867,1.8085767779890016,-0.9868207079266167,92.02136363636363,80.34148025512695,754.3535534505048,0.16535722139007705,-0.19165903938211346,0.24901089450134445,Normal,
2013-05-01,83.71731567382812,1.3903888279197085,2.0762811683057825,2.7039175685488193,94.50954545454546,80.8036600748698,770.0160542232431,0.16897136252252287,-0.18759429592444382,0.2821870741349274,Normal,
2013-06-01,82.97300720214844,1.7157935271568725,-1.4999301595580827,1.3363248541513384,95.77250000000001,81.23287455240886,758.4663511925096,0.20890131724122157,-0.1476829505223978,0.2795076762032815,Normal,
2013-07-01,73.97581481933594,1.885471805415806,4.946207991308538,9.29119433126322,104.67090909090908,80.49685732523601,795.9816744665798,0.2063894152955076,-0.15443356293021512,0.2362921393760177,Normal,
2013-08-01,90.95674896240234,1.538809488600279,-3.1298019479343964,1.816950094669001,106.57272727272726,81.83672332763672,771.0690245139239,0.18612867011968437,-0.187399694470036,0.23642031168026295,Normal,
2013-09-01,100.4593276977539,1.0947341081747997,2.974952325919533,-0.2657596178452515,106.2895,84.43495814005534,794.0079603931459,0.09711560503110496,-0.11151281755117888,0.21309386901494665,High,
2013-10-01,72.95311737060547,0.8767991434911471,4.459575276194472,-5.410919357448085,100.53826086956522,83.70907910664876,829.4173430858546,0.08823232635187472,-0.10850560165430086,0.3130887764603007,Normal,
2013-11-01,77.77902221679688,1.2328701961954458,2.8049471367328715,-6.6385282695750725,93.864,83.40819422403972,852.6820611023071,0.13827766290641572,-0.10868945056459131,0.3226364032042717,Normal,
2013-12-01,70.37248992919922,1.5128383667573297,2.3562791975445974,4.007114650172694,97.6252380952381,83.03660519917806,872.7736311292553,0.19200259481157478,-0.16567270451286567,0.2776401042368077,Normal,
2014-01-01,77.91596984863281,1.557758795574915,-3.5582905955811595,-3.0812680171501405,94.61714285714285,81.97481155395508,841.7178090920708,0.19585468471548562,-0.13644840152102575,0.28428020550760763,Normal,
2014-02-01,69.00352478027344,1.1204746347724948,4.31170301781616,6.552962155358211,100.81736842105263,80.92591094970703,878.0101812681895,0.23290374157023852,-0.1734658369880787,0.24251188198880394,Normal,
2014-03-01,119.83855438232422,1.6126949139408042,0.6932165418227054,-0.013448969612528394,100.80380952380953,84.58773040771484,884.0966930836281,0.1411806498563924,-0.1688693525408236,-0.08849299263528035,High,Crimea
2014-04-01,93.22154235839844,2.015125303606169,0.6200789153414155,1.2551490873360605,102.06904761904761,84.4305362701416,889.5787902686704,0.11812116457116376,-0.18141008903474296,-0.10665304856941779,Normal,
2014-05-01,83.4288558959961,2.166947687079812,2.103028007328045,0.10590403321748543,102.17714285714285,84.40649795532227,908.2868813752706,0.031014437837341594,-0.15303508334857488,-0.02504228859751731,Normal,
2014-06-01,98.76710510253906,2.0589816945944195,1.9058331749470137,3.540070465857603,105.7942857142857,85.72267278035481,925.5973140842121,0.025332584309790046,-0.13758321792819247,0.0038666029108142836,Normal,
2014-07-01,138.7539520263672,1.9742378703305974,-1.5079830845342368,-2.0848473391143596,103.58863636363638,91.12085088094075,911.639463156919,0.03334254218789291,-0.19991954749801674,-0.046791331914607055,High,
2014-08-01,136.44558715820312,1.7150983482969062,3.7655295579825276,-6.808126967410876,96.53619047619047,94.91158739725749,945.967516604326,-0.008098754744898838,-0.10984758280496919,-0.16157341482327767,High,
2014-09-01,131.55665588378906,1.6840509711232077,-1.5513837249453988,-3.4435642196856797,93.21190476190476,97.50303141276042,931.2919305084563,-0.016932933488134988,-0.1991068931379904,-0.19989574917436687,High,
2014-10-01,83.66100311279297,1.6095417021513292,2.3201460667203078,-9.456891008377122,84.39695652173914,98.39535522460938,952.899263603832,0.03888525865722791,-0.16810661325230336,-0.1765735323715345,Normal,
2014-11-01,84.38005065917969,1.231524989320798,2.453358864631494,-10.198807151667244,75.78947368421052,98.94544092814128,976.2773021584647,0.07662811557855999,-0.17757219895389761,-0.15091494565951674,Normal,
2014-12-01,86.5262222290039,0.6531213919623191,-0.4188587515997044,-21.76953914141413,59.29045454545455,100.29158528645833,972.1880792384926,0.09728813428921548,-0.17554725831394805,-0.11487032281562316,Normal,
2015-01-01,111.9856948852539,-0.22993097820542818,-3.1040805838410623,-20.359861697805115,47.219,103.13072903951009,942.0105778324332,-0.006226807531264604,-0.2127453421392029,-0.1923782357776413,High,
2015-02-01,111.92469787597656,-0.08703146293520536,5.48925108906233,7.126814473656351,50.58421052631579,106.70749346415202,993.7199037351825,-0.11752171963514542,-0.1546590097408246,-0.1444712555673189,High,
2015-03-01,104.23526763916016,-0.022031284423873476,-1.7396107114219572,-5.4573831121537015,47.82363636363636,105.40721956888835,976.4330458482732,-0.16340150413017765,-0.1739868844024852,-0.15381267485275707,High,
2015-04-01,102.19049072265625,-0.10403098939391064,0.8520819822535275,13.861808267389385,54.45285714285714,106.15463193257649,984.7530559007156,-0.20816753246865138,-0.17012461434804835,-0.10540394291113894,High,
2015-05-01,76.2623291015625,0.03503321824429584,1.0491382304589791,8.837264212818429,59.265,105.5574213663737,995.0844766857831,-0.14464501590084958,-0.24707551457764532,-0.14889934678266822,Normal,
2015-06-01,85.90596771240234,0.1795718097550525,-2.1011671979729973,0.9357048081421571,59.819545454545455,104.48565991719563,974.1760880695402,-0.12041009244817198,-0.2154972496442543,-0.18855665438251565,Normal,
2015-07-01,106.80866241455078,0.22568611104094582,1.9742029435184882,-14.909234591916597,50.90090909090909,101.82355244954427,993.4083010752623,-0.1498093614308712,-0.20551581858806772,-0.212909699804562,High,
2015-08-01,82.47853088378906,0.2413037985344868,-6.258081825586559,-15.78221329788545,42.86761904761905,97.32629776000977,931.2399967318031,-0.1149853132975101,-0.1409861497875215,-0.15681826456586673,Normal,
2015-09-01,98.7674560546875,0.008842961634170088,-2.6442831280001466,6.092955055430882,45.47952380952381,94.59386444091797,906.6153746170348,-0.09830603161313085,-0.1358662692317175,-0.13771741263392734,Normal,
2015-10-01,91.931884765625,0.12761656067050708,8.298311781266655,1.6361485164818834,46.22363636363636,95.28310457865398,981.849145059655,-0.07608828030385939,-0.1445039076954281,-0.14652278987950343,Normal,
2015-11-01,150.71588134765625,0.4363182169185187,0.050486911033487125,-8.177929433977093,42.4435,100.81109046936035,982.3448503640043,-0.12368002829312862,-0.16100622793756905,-0.19764187359053748,High,
2015-12-01,148.23687744140625,0.6387247515364791,-1.7530185032692547,-12.380844266763201,37.18863636363636,105.95364507039388,965.1241633712106,-0.1318273621783754,-0.21426210331622333,-0.2559372050760454,High,
2016-01-01,118.21114349365234,1.2375025026943876,-5.07353220469523,-14.804195601758774,31.683157894736844,106.47243245442708,916.1582781272768,-0.11855678026896402,-0.2475684022178658,-0.2813403181761763,High,
2016-02-01,103.74964904785156,0.8472775790126619,-0.41283603090035426,-4.292999767434136,30.323,105.79117838541667,912.3760466550913,-0.09708583581815945,-0.24929475052213854,-0.2770500979125947,High,
2016-03-01,109.72029113769531,0.8916160965521946,6.599111444005845,23.82140169628215,37.54636363636364,106.24826367696126,972.5847587622754,-0.08124621665075465,-0.19133125834971132,-0.20653294924650567,High,
2016-04-01,85.22145080566406,1.1726257503534843,0.26993982833325436,8.546432059179931,40.7552380952381,104.83417701721191,975.2101523904736,-0.08393556241127599,-0.18642062239720836,-0.22042868636479335,Normal,
2016-05-01,88.3324203491211,1.0784764621246223,1.5324602525288444,14.616876591965976,46.712380952380954,105.84001795450847,990.1548603544835,-0.0757067094022874,-0.18270914885906253,-0.22650420328035076,Normal,
2016-06-01,90.16812896728516,1.0792865347959424,0.09109212401243738,4.377622662771907,48.75727272727273,106.19519805908203,991.0568134477929,-0.05786632917566993,-0.19689537721969239,-0.22765451333887876,Normal,
2016-07-01,114.6104507446289,0.8683633430518256,3.5609800753315435,-8.42084164600153,44.6515,106.84534708658855,1026.3481491098846,-0.018955533825864918,-0.14071187921966827,-0.20990306268343356,High,
2016-08-01,98.73848724365234,1.0553158595656864,-0.12192428990193127,0.16314754507007478,44.72434782608696,108.20034344991048,1025.0967814171609,-0.009215695995498187,-0.15862640582651752,-0.2065857566546946,Normal,
2016-09-01,104.54522705078125,1.5486446201652182,-0.12344511393173052,1.0241247744407156,45.18238095238095,108.68182436625163,1023.8313495274298,-0.004258874924377561,-0.16138177690769703,-0.20466410499522383,High,
2016-10-01,85.74778747558594,1.685924966243646,-1.942567890903446,10.165150764625896,49.775238095238095,108.16648292541504,1003.9427304745064,-0.028757937818334432,-0.10360361855529408,-0.2413940205066006,Normal,
2016-11-01,82.91875457763672,1.6843334719788938,3.4174521829295035,-8.26572784325731,45.66095238095238,102.51672236124675,1038.2519932324697,-0.04121902510001611,-0.10358545464700332,-0.24204759614291538,Normal,
2016-12-01,102.18046569824219,2.0507989115119862,1.8200762441865859,13.818204572000692,51.9704761904762,98.6786880493164,1057.1489711160875,-0.00934279707351096,-0.08187242416926988,-0.21891778689238425,High,
2017-01-01,105.20123291015625,2.5103933482571117,1.7884358198382522,1.026590188568588,52.504,97.59452883402507,1076.0554019845792,0.02375813264392457,-0.13213670679999337,-0.22875744226273667,High,
2017-02-01,114.20635986328125,2.8103616813294208,3.719816006681631,1.8368525305340055,53.46842105263158,98.46592140197754,1116.0826830683638,0.06235107948786725,-0.060871060375973236,-0.19686558045038108,High,
2017-03-01,96.63587951660156,2.44119623655914,-0.03891971352694146,-7.7440008217173,49.32782608695652,97.3755537668864,1115.64830688539,0.029966834431232117,-0.058808884367682675,-0.1944996980072872,Normal,
2017-04-01,119.45992279052734,2.176223471915395,0.9091208748854607,3.512622319456171,51.060526315789474,100.228759765625,1125.7908985335912,0.07546435354148662,-0.05712116789476288,-0.17775344150506822,High,
2017-05-01,102.57996368408203,1.8563431667619756,1.1576251246328662,-5.060979323722203,48.47636363636364,101.4160550435384,1138.8233368258461,0.11464296281356043,-0.04380831159130592,-0.17510544589523216,High,
2017-06-01,126.78901672363281,1.640565809959127,0.4813775207812565,-6.804628309954241,45.177727272727275,104.46779568990071,1144.305376370737,0.1457056686767467,-0.04135480338080857,-0.183876106895514,High,
2017-07-01,102.81346130371094,1.7251073506566073,1.9348826001101882,3.2157417620678252,46.630526315789474,103.48471323649089,1166.4463419902595,0.09478221235599164,-0.005343012935430238,-0.19160190780564673,High,
2017-08-01,138.5316162109375,1.92812155729698,0.0546433019853243,3.0161148009033356,48.03695652173913,106.80080731709798,1167.0837267874101,0.10957061836336977,-0.06983387198964208,-0.14217985336716393,High,
2017-09-01,115.5344467163086,2.1805652303711787,1.9302978562167672,3.7159795447345934,49.822,107.7165756225586,1189.611918945842,0.10371706969260383,-0.030358301105397587,-0.12778924935654656,High,
2017-10-01,91.4615707397461,2.020757753132485,2.218813506615125,3.5239999854025816,51.57772727272727,108.19272422790527,1216.0071888797158,0.10168327632092312,-0.023105724826560925,-0.16499218314992217,Normal,
2017-11-01,92.59601593017578,2.172493864295566,2.8082627806563343,9.812072814073325,56.63857142857143,108.9991626739502,1250.1558661751303,0.08271983162675817,-0.017633551947346504,-0.21458989533352157,Normal,
2017-12-01,82.71825408935547,2.129930719552253,0.9831630594270502,2.1944913864857307,57.8815,107.37731170654297,1262.4469368366244,0.027609409816607762,-0.03175652941790578,-0.2986408643604988,Normal,
2018-01-01,92.42678833007812,2.151318868063945,5.617870412552817,10.049966618991268,63.698571428571434,106.31277465820312,1333.3695697753485,0.03029232386412451,-0.0426000578766252,-0.303197468503085,Normal,
2018-02-01,64.49137115478516,2.263468931091861,-3.89473718793677,-2.306327616794812,62.22947368421052,102.16985893249512,1281.4383292886755,-0.01609033788631059,0.03283430773102025,-0.2743225373837425,Normal,
2018-03-01,111.96229553222656,2.3309497646499366,-2.688449860055664,0.7959061699039482,62.724761904761905,103.44706026713054,1246.9875023182146,0.005767162745331115,0.01793687262871381,-0.2736111951813113,High,
2018-04-01,123.26347351074219,2.4709963021052994,0.27187749953683227,5.626243148448995,66.25380952380952,103.76402282714844,1250.377780759054,0.044061753428815124,0.013069259994220189,-0.2591466641777792,High,
2018-05-01,125.66661834716797,2.781921607842497,2.16083418545836,5.6213707877943,69.97818181818182,105.68791071573894,1277.3963712930713,0.025007706714522803,0.03368672605001353,-0.20883747550036547,High,
2018-06-01,103.96858978271484,2.8075506935940187,0.48424362676078303,-3.007863922954346,67.87333333333333,103.78620847066243,1283.5820818095317,-0.023884309132159873,0.006826052996169668,-0.2103357010102143,High,
2018-07-01,110.02842712402344,2.854124785561929,3.602155617289915,4.5792582822344,70.98142857142857,104.38745562235515,1329.8187058719604,-0.006975109649629788,0.012957791638468647,-0.21110595066730364,High,
2018-08-01,112.74168395996094,2.6429238568742575,3.0263211276748248,-4.121889987845639,68.05565217391305,102.23829460144043,1370.0632903275355,-0.05928827817148813,-0.07137662298122022,-0.31229827001319377,High,
2018-09-01,75.05390930175781,2.332055105808828,0.42942874264617625,3.198048978625656,70.2321052631579,98.8649164835612,1375.9467358886457,-0.12045155512780889,-0.07260615745411128,-0.3062752286224633,Normal,
2018-10-01,92.0164794921875,2.492032470218053,-6.94033560936963,0.7355473498627862,70.74869565217391,98.91115887959798,1280.451414611807,-0.19729877692683628,0.03970842230418114,-0.3040396896488281,Normal,
2018-11-01,80.40758514404297,2.147328577667773,1.7859356654779779,-19.48473470090092,56.963499999999996,97.89545631408691,1303.3194531044765,-0.07190626586762751,0.04931286767051261,-0.12679085529520406,Normal,
2018-12-01,90.607666015625,2.0023809043401064,-9.177689467997252,-13.062263067090718,49.522777777777776,98.5529073079427,1183.7048409225476,0.08703435814015914,0.1755247422715369,0.023395818514413948,Normal,
2019-01-01,87.42410278320312,1.4875893578291333,7.868440166582613,3.7415843599305942,51.37571428571429,98.13601684570312,1276.8439480794802,0.14395498645090493,0.17473814099170554,0.07849719960141606,Normal,
2019-02-01,96.80016326904297,1.5188615351321877,2.9728889343927145,6.96637040701189,54.95473684210527,100.82841618855794,1314.8031005213982,0.16672515702495075,0.17272463201316957,0.07865016935585596,Normal,
2019-03-01,82.32829284667969,1.8831863513063984,1.7924256249588488,5.8169539388532865,58.151428571428575,98.35891596476237,1338.3699682128972,0.21437681154278843,0.1397503425569629,0.017952846599399976,Normal,
2019-04-01,79.25344848632812,2.000583470209061,3.9313498313737982,9.820829034212796,63.862380952380946,94.69141387939453,1390.9859737013924,0.18001635941112798,0.09745252586943762,0.0014143370563111555,Normal,
2019-05-01,106.4719009399414,1.7959105553606136,-6.57777313668354,-4.75328781247012,60.82681818181818,93.09185409545898,1299.4900719882264,0.14547590301903168,0.06849800838760518,0.029821058116341243,High,
2019-06-01,106.58845520019531,1.671194894390049,6.89301639982407,-10.14243119437448,54.657500000000006,93.31017621358235,1389.0641357644604,0.10787025241250979,0.08050961192532241,0.02117283264949831,High,
2019-07-01,93.52125549316406,1.826331335037068,1.3128152166957952,4.940941751992378,57.35809523809524,91.93457857767741,1407.2999811084403,0.19852140440284524,0.061846844756083236,0.047772047410031764,Normal,
2019-08-01,103.4044189453125,1.7376412106666406,-1.8091627240523933,-4.449565726671967,54.80590909090909,91.15647315979004,1381.8396344346302,0.20380352980383482,0.05604069635285718,0.04264336683218309,High,
2019-09-01,90.36798858642578,1.6844977040391562,1.7181177931020697,3.9066789413882086,56.947,92.43264643351237,1405.5812670659882,0.2355016941029319,0.0545062297510643,0.03506176504588602,Normal,
2019-10-01,97.83673095703125,1.7339736996186295,2.0431770513684056,-5.239883614130914,53.96304347826087,92.91766738891602,1434.2997809530136,0.21499208404026995,0.03335462053847105,0.07275523005005756,Normal,
2019-11-01,73.07838439941406,2.092290394862917,3.4047037714499906,5.718550495402175,57.048947368421054,92.30690066019694,1483.1334396890197,0.18332936446375764,0.021174708268941654,0.0002637630539577922,Normal,
2019-12-01,74.27989196777344,2.3195274699624457,2.858981890573009,4.851481799255186,59.81666666666667,90.94625282287598,1525.5359561427615,0.15643578679122666,-0.0021652661602308758,-0.03550436179338147,Normal,
2020-01-01,138.4209442138672,2.599767976845202,-0.16280928190489652,-3.8411017792461033,57.519047619047626,95.19598960876465,1523.0522420073644,0.2108553495615793,-0.025279868919524207,-0.07409126562712491,High,
2020-02-01,75.95555877685547,2.3413166797595197,-8.411048363840312,-12.128879612725008,50.54263157894737,93.4589392344157,1394.9475813255708,0.1528454161639277,0.04813071100779475,-0.010179503034302923,Normal,
2020-03-01,81.54003143310547,1.4940399642909163,-12.511928240892821,-42.211700577749035,29.207727272727276,93.3932507832845,1220.4127409520452,0.19190392139714502,0.11826830430511417,0.10169168853823866,Normal,COVID-19
2020-04-01,69.33940124511719,0.3130472940411133,12.68440381652789,-43.34506449918001,16.547619047619047,92.56708017985027,1375.2148212427592,0.29795810594452804,-0.004509326328802146,0.21625009616244678,Normal,
2020-05-01,68.50721740722656,0.1982013035848551,4.528181966555822,72.60791366906476,28.5625,89.40335655212402,1437.4870507796768,0.37781495428010964,-0.037128413789881784,-0.02630534558922911,Normal,
2020-06-01,71.22785949707031,0.7166562831830481,1.838839651392421,34.11736622239903,38.307272727272725,86.45664024353027,1463.9201326530451,0.4622224149434108,-0.04248405984515091,-0.07258538639815763,Normal,
2020-07-01,66.47328186035156,0.9968647625897997,5.510132148044367,6.273434904361874,40.710454545454546,84.2026424407959,1544.5840665040541,0.5021125274504311,-0.08126690106286659,-0.08331663180723582,Normal,
2020-08-01,65.46604919433594,1.2810698495523853,7.006466690171775,4.000429599170152,42.33904761904762,81.04111162821452,1652.8048346253615,0.5659176102227428,-0.12008905376563796,-0.10118902093701782,Normal,
2020-09-01,80.37738037109375,1.3910228912373812,-3.9227970178423055,-6.38833903185173,39.63428571428571,80.20856094360352,1587.9686558619244,0.5714205210725465,-0.11184083541535816,-0.10177639107628542,Normal,
2020-10-01,76.08316802978516,1.2303863428671624,-2.766578622137972,-0.6014404424871334,39.39590909090909,78.39576403299968,1544.0362545025969,0.5805543532142382,-0.09515562497491555,-0.09938433400045572,Normal,
2020-11-01,70.06746673583984,1.1757452138405844,10.75456354438591,3.9127395856927816,40.93736842105263,78.14485422770183,1710.0906146414345,0.5938385899769995,-0.1456096169148186,-0.10549747964914173,Normal,
2020-12-01,64.06729125976562,1.3204191315779434,3.712145909357001,14.870598218073816,47.025,77.29380416870117,1773.5716734391444,0.6102204445033373,-0.16022684789666494,-0.13010934857452452,Normal,
2021-01-01,77.418701171875,1.3738437137002402,-1.1136660755445171,10.597386608466941,52.008421052631576,72.21028391520183,1753.8200073865855,0.6143121592172989,-0.15897056808781387,-0.14092037496562201,Normal,
2021-02-01,73.95680236816406,1.6698167791706853,2.6091451377448394,13.53222150259068,59.04631578947369,72.04372088114421,1799.579716834109,0.6568715295963088,-0.20314914457464445,-0.16387494044278758,Normal,
2021-03-01,78.61876678466797,2.6678187820641908,4.2438632533165155,5.566355232908737,62.333043478260876,71.80028216044109,1875.951419150969,0.6114765492734555,-0.18970205275012067,-0.16863309503482798,Normal,
2021-04-01,88.16622161865234,4.133077115360573,5.242532134755851,-0.9888444029035437,61.71666666666666,73.36918385823567,1974.2987751323672,0.5202120831587072,-0.18656650521294618,-0.19158011785694473,Normal,
2021-05-01,93.00713348388672,4.918257089467626,0.548648867060697,5.594652984066983,65.1695,75.4108435312907,1985.130742994524,0.4430011489102035,-0.212619887489266,-0.2193447865033668,Normal,
2021-06-01,74.12712097167969,5.295632620349999,2.2214009565834747,9.526974763013097,71.37818181818182,75.6524486541748,2029.228456308837,0.2939926117290729,-0.21261042535629868,-0.22198146346034997,Normal,
2021-07-01,58.42076873779297,5.245169381309234,2.274805482838871,1.5509729287812801,72.4852380952381,74.9814058939616,2075.389456492277,0.10586808445633628,-0.23898742633788228,-0.2282887146597292,Normal,
2021-08-01,89.4865493774414,5.152015301793966,2.8990416255438634,-6.559657765814686,67.73045454545455,76.98311424255371,2135.555860728137,0.10525147703889068,-0.26415718819310646,-0.22702677292890242,Normal,
2021-09-01,80.69696807861328,5.351215590949132,-4.75691688019011,5.781351914755017,71.64619047619047,77.00974655151367,2033.9692435032707,0.08897945210476493,-0.2577980250216003,-0.2274682214344018,Normal,
2021-10-01,79.02923583984375,6.235042390298062,6.914383640060651,13.72086376838566,81.47666666666666,77.25525220235188,2174.605680119926,0.05875737893792827,-0.24532343482830773,-0.23077658962172914,Normal,
2021-11-01,86.56914520263672,6.901970403700863,-0.8333706184746159,-2.8586916499611204,79.14750000000001,78.63039207458496,2156.4831553141266,0.06979594579984946,-0.24739599383023864,-0.2425817524105212,Normal,
2021-12-01,105.34542083740234,7.174340285065539,4.361291346206486,-9.394714701262608,71.71181818181819,82.07023620605469,2250.5336685492425,0.16430901907506182,-0.20581603901681464,-0.2523369263032035,High,
2022-01-01,138.67498779296875,7.558805726967832,-5.258516502739385,16.050606594576777,83.22200000000001,87.1749267578125,2132.188984188874,0.3365930146882636,-0.3010343298593717,-0.15459705411805177,High,
2022-02-01,216.1590118408203,7.937278766517819,-3.1360491945908286,10.116378639757428,91.64105263157894,99.02511088053386,2065.322488723065,0.5045873276867899,-0.31115882583631166,-0.050704048716989206,Very High,Ukraine War
2022-03-01,318.9549255371094,8.572204966013853,3.5773288371546252,18.399566111337794,108.50260869565217,119.05312410990398,2139.2058656923946,0.5885916425282416,-0.12690441553926632,0.08204764970677023,Very High,
2022-04-01,191.14309692382812,8.231750770777225,-8.795671180434306,-6.198107839522981,101.7775,127.63453038533528,1951.0483518735284,0.630589007251787,-0.2105791835022723,0.05406755320188239,High,
2022-05-01,142.25848388671875,8.538171195642065,0.005317770464463578,7.639096020614522,109.55238095238094,131.7388095855713,1951.1521041465319,0.6435605415488824,-0.21348048091428384,0.06153032444349471,High,
2022-06-01,130.7073211669922,8.979361103105798,-8.391999993382681,4.823958967225939,114.83714285714285,136.453826268514,1787.4114196956689,0.6465821935753209,-0.24196623183336985,0.06601147901509438,High,
2022-07-01,117.17676544189453,8.462576727730099,9.111639173021002,-11.510337620978772,101.619,141.35015932718912,1950.2738987957105,0.6386146885007202,-0.21960340142286508,0.0577781554589812,High,
2022-08-01,132.86322021484375,8.222579178218826,-4.244012827299837,-7.827062467349267,93.66521739130435,144.96488189697266,1867.50402436334,0.6480993585397226,-0.2324755226484246,0.04733479776874446,High,
2022-09-01,131.98587036132812,8.192106896425821,-9.339567201327437,-10.043346308490442,84.25809523809524,149.23895708719888,1693.0872310204315,0.6521987817573008,-0.24962508454830684,0.03545708249939508,High,
2022-10-01,143.16241455078125,7.758813957693,7.98634138370089,3.9125815238891803,87.5547619047619,154.5833886464437,1828.3029572135717,0.6641829729258937,-0.21516847115544666,0.03525809672423849,High,
2022-11-01,116.7162857055664,7.122856456533988,5.375289335249311,-3.636907513664922,84.37047619047618,157.09565035502115,1926.5795310887206,0.6583309893230804,-0.202505631498332,0.03547251777113873,High,
2022-12-01,111.19593811035156,6.404600402357152,-5.897147407473047,-9.40297328110712,76.43714285714286,157.58319346110025,1812.966296218216,0.6526978185357081,-0.1981933832200661,0.03537573343077742,High,
2023-01-01,104.26704406738281,6.327178517960097,6.17528578346791,2.205547041453304,78.123,154.71586481730142,1924.922146167644,0.670862913022251,-0.19493152745014217,0.04184632755273445,High,
2023-02-01,120.99437713623047,5.957820738137087,-2.611249393181858,-1.6517138628222572,76.83263157894737,146.78547859191895,1874.6576283066183,0.6680674274964551,-0.23195124533552436,0.027278354962534404,High,
2023-03-01,105.37997436523438,4.917719362889961,3.505161257710898,-4.626687149636677,73.27782608695652,128.9875659942627,1940.367401208744,0.6669275761211069,-0.28634029114534265,-0.006834166580087039,High,
2023-04-01,106.80965423583984,4.950079879124369,1.4642341662481018,8.4179485554023,79.44631578947369,121.959779103597,1968.7789236479825,0.6626782437887361,-0.2610272731236595,-0.07597194416722217,High,
2023-05-01,108.46768188476562,4.131851231385042,0.2482347368192972,-9.903711573160656,71.57818181818182,119.14387893676758,1973.6661168276542,0.6569647595699892,-0.24983958022733732,0.039922678928381625,High,
2023-06-01,110.52894592285156,3.070617072997095,6.472746490423464,-1.8582290668756718,70.24809523809525,117.46234766642253,2101.416521137293,0.6455129748683329,-0.24427038735218282,0.13021243305298488,High,
2023-07-01,107.44878387451172,3.287749268428297,3.113893235501086,8.286921861972196,76.0695,116.6516825358073,2166.8523880386892,0.6315985163475117,-0.22809918125476436,0.14268808510634837,High,
2023-08-01,101.14118194580078,3.722504803505289,-1.7716390070854016,6.989117789024157,81.38608695652174,114.00817934672038,2128.4635859062346,0.6191825616150084,-0.19930072375163696,0.14633490027888724,High,
2023-09-01,98.63481140136719,3.687206638119256,-4.871936746562488,9.87750283137807,89.425,111.2289244333903,2024.766186327267,0.616552336595471,-0.20768651280100883,0.12076494756689418,Normal,
2023-10-01,197.8870086669922,3.2512659098611785,-2.197968873798295,-4.2331296510776495,85.63952380952381,115.78930727640788,1980.2624557846007,0.5316184054060293,-0.24460994211997272,0.06920325135383834,High,
2023-11-01,156.69613647460938,3.1333462745911866,8.917926878197013,-9.288379308619177,77.685,119.12096150716145,2156.86081358786,0.4767461418757584,-0.16023668018863377,0.04205110888800214,High,
2023-12-01,142.2794647216797,3.3159099427102934,4.422923115636013,-7.446740039904743,71.9,121.7112553914388,2252.257109084132,0.4253430996378908,-0.13394291879044945,0.07810638754230978,High,
2024-01-01,160.3736572265625,3.0883429864855705,1.5895707598991615,3.1326577919067455,74.15238095238095,126.38680648803711,2288.0583295278834,0.36221555836128316,-0.14105158206391066,0.11245434023405462,High,
2024-02-01,146.59817504882812,3.157074141648697,5.172064062372317,4.176021063447211,77.249,128.5204563140869,2406.3981721155114,0.30350323753206193,-0.12034574072263998,0.16689782428602482,High,
2024-03-01,133.21316528320312,3.4868349120836584,3.1018779915342964,5.215601496459499,81.27799999999999,130.83988889058432,2481.0417074050465,0.2641731420093675,-0.10201528654303446,0.1871750405791237,High,
2024-04-01,163.9473419189453,3.3607951262196734,-4.161507173789869,5.006610309398307,85.34727272727274,135.60136286417642,2377.7929787666662,0.21754922145195807,-0.10255528923519994,0.19127076409398436,High,
2024-05-01,130.52186584472656,3.244278584003113,4.80211901511991,-6.236552267740381,80.02454545454545,137.4392115275065,2491.9774275402065,0.2061220292143685,-0.10233159265016573,0.20264732991365356,High,
2024-06-01,113.0927963256836,2.9702579486470926,3.466980128308328,-0.32137268888193793,79.76736842105262,137.65286572774252,2578.3737897549545,0.2130233836836596,-0.09974651993824223,0.24862117317526433,High,
2024-07-01,92.3948745727539,2.9414757935583014,1.1321316887868749,2.548769208067969,81.80045454545454,136.39837328592935,2607.5643764841457,0.23708759628093376,-0.09081097382990491,0.25435716062504554,Normal,
2024-08-01,140.97506713867188,2.607144490692037,2.2834706936630367,-6.255799867749112,76.68318181818182,139.7178637186686,2667.107344839558,0.22255704570098206,-0.07899421534648882,0.2285125616131817,High,
2024-09-01,130.35877990722656,2.4264830315416708,2.0196884090601275,-8.407556474988587,70.236,142.36152776082358,2720.974602740474,0.2232239585587763,-0.12069211231565245,0.2555079077538795,High,
2024-10-01,130.689208984375,2.578844053871343,-0.9896743303151712,2.4901759781308597,71.985,136.76171112060547,2694.045815562756,0.24278549160421128,-0.07901098444642857,0.3365720429340931,High,
2024-11-01,128.90164184570312,2.719472461284833,5.7301295482098835,-2.826977842606093,69.95,134.44550323486328,2848.4181308826296,0.2755010574095687,-0.09558037653525868,0.33276168329117967,High,
2024-12-01,142.36643981933594,2.870690967509981,-2.0794436663986393,0.2403077027808953,70.11809523809524,134.45275115966797,2789.1868804674405,0.29384637546952447,-0.08295034953139264,0.3155906975880768,High,
